scrambleMode,nodeMode,matrixMode,lastStep,numBytesIn,numBytesOut,Loading Key,Loading Scrambled Data,Descrambling,Outputting Descrambled Data
scrambling,byte,hashed,Done,7268,1,78,6,448,0
scrambling,bit,hashed,Done,909,1,28,4,503,1
scrambling,byte,array,Done,7304,1,22,8,252,0
scrambling,bit,hashed,Done,946,1,21,3,407,0
scrambling,byte,array,Done,7304,1,23,3,145,0
scrambling,bit,linked,Done,930,1,20,2,91,0
scrambling,byte,hashed,Done,7920,51,57,4,491,1
scrambling,bit,array,Done,1320,51,39,2,258,1
scrambling,byte,linked,Done,7840,51,22,2,117,0
scrambling,bit,linked,Done,1378,51,29,2,179,1
scrambling,byte,array,Done,7840,51,22,2,159,0
scrambling,bit,array,Done,1308,51,29,1,250,1
scrambling,byte,array,Done,8463,101,24,2,181,1
scrambling,bit,linked,Done,528,101,13,1,36,0
scrambling,byte,array,Done,8268,101,22,2,172,0
scrambling,bit,hashed,Done,510,101,12,1,171,1
scrambling,byte,hashed,Done,8455,101,29,2,525,1
scrambling,bit,array,Done,510,101,12,1,60,0
scrambling,byte,linked,Done,8787,151,57,2,119,0
scrambling,bit,array,Done,629,151,14,1,81,1
scrambling,byte,array,Done,8715,151,24,1,184,0
scrambling,bit,array,Done,632,151,15,0,81,1
scrambling,byte,linked,Done,8832,151,24,1,121,0
scrambling,bit,array,Done,608,151,14,0,77,0
scrambling,byte,array,Done,9167,201,25,2,196,0
scrambling,bit,array,Done,440,201,10,1,49,1
scrambling,byte,hashed,Done,9207,201,25,2,637,1
scrambling,bit,array,Done,440,201,11,1,49,1
scrambling,byte,hashed,Done,9167,201,25,2,593,0
scrambling,bit,linked,Done,450,201,11,1,28,2
scrambling,byte,linked,Done,9500,251,26,1,143,0
scrambling,bit,linked,Done,488,251,12,1,34,1
scrambling,byte,linked,Done,9416,251,27,1,141,0
scrambling,bit,linked,Done,483,251,12,0,47,2
scrambling,byte,linked,Done,9434,251,26,1,137,1
scrambling,bit,linked,Done,552,251,13,1,42,1
scrambling,byte,array,Done,9800,301,26,1,226,0
scrambling,bit,array,Done,456,301,11,1,52,2
scrambling,byte,linked,Done,9800,301,27,2,145,0
scrambling,bit,array,Done,504,301,13,1,62,1
scrambling,byte,array,Done,9737,301,27,1,233,1
scrambling,bit,hashed,Done,472,301,11,1,153,1
scrambling,byte,array,Done,10044,351,68,1,236,0
scrambling,bit,array,Done,495,351,13,0,59,1
scrambling,byte,array,Done,10094,351,28,1,231,0
scrambling,bit,linked,Done,480,351,12,1,31,2
scrambling,byte,array,Done,9828,351,27,1,228,0
scrambling,bit,array,Done,504,351,12,0,59,1
scrambling,byte,hashed,Done,10403,401,69,3,752,0
scrambling,bit,hashed,Done,544,401,13,2,198,1
scrambling,byte,array,Done,10403,401,29,1,258,1
scrambling,bit,array,Done,536,401,15,1,63,1
scrambling,byte,hashed,Done,10208,401,31,3,720,0
scrambling,bit,array,Done,552,401,13,0,69,1
scrambling,byte,hashed,Done,10593,451,28,2,726,1
scrambling,bit,hashed,Done,603,451,16,1,230,1
scrambling,byte,linked,Done,10584,451,31,1,175,0
scrambling,bit,linked,Done,595,451,14,0,44,3
scrambling,byte,linked,Done,10600,451,29,1,171,1
scrambling,bit,array,Done,639,451,18,1,86,1
scrambling,byte,array,Done,10800,501,56,1,263,0
scrambling,bit,hashed,Done,693,501,15,2,275,1
scrambling,byte,hashed,Done,10791,501,30,3,776,44
scrambling,bit,linked,Done,665,501,18,0,52,3
scrambling,byte,linked,Done,10815,501,30,1,178,0
scrambling,bit,linked,Done,665,501,15,1,50,3
scrambling,byte,array,Done,11021,551,73,1,268,1
scrambling,bit,array,Done,693,551,18,1,93,1
scrambling,byte,array,Done,11009,551,29,1,266,1
scrambling,bit,linked,Done,684,551,15,1,52,4
scrambling,byte,linked,Done,11000,551,29,1,177,0
scrambling,bit,linked,Done,703,551,16,1,56,3
scrambling,byte,hashed,Done,11342,601,74,3,841,0
scrambling,bit,array,Done,741,601,19,1,101,2
scrambling,byte,hashed,Done,11322,601,35,2,834,0
scrambling,bit,array,Done,760,601,18,0,125,2
scrambling,byte,linked,Done,11232,601,30,1,189,0
scrambling,bit,array,Done,770,601,17,1,114,1
scrambling,byte,linked,Done,11500,651,73,1,192,0
scrambling,bit,linked,Done,798,651,19,0,70,5
scrambling,byte,array,Done,11554,651,31,2,291,0
scrambling,bit,array,Done,800,651,18,0,118,2
scrambling,byte,array,Done,11484,651,31,1,292,0
scrambling,bit,linked,Done,820,651,17,1,74,5
scrambling,byte,linked,Done,3685,701,12,1,29,0
scrambling,bit,hashed,Done,861,701,20,2,391,2
scrambling,byte,hashed,Done,3720,701,11,1,153,0
scrambling,bit,array,Done,946,701,21,1,147,1
scrambling,byte,array,Done,3717,701,11,1,56,0
scrambling,bit,array,Done,850,701,18,1,127,2
scrambling,byte,array,Done,3819,751,11,1,55,0
scrambling,bit,linked,Done,957,751,22,1,98,6
scrambling,byte,hashed,Done,3763,751,12,1,153,1
scrambling,bit,linked,Done,957,751,21,1,104,6
scrambling,byte,linked,Done,3723,751,11,1,31,1
scrambling,bit,array,Done,935,751,21,1,151,2
scrambling,byte,hashed,Done,3953,801,12,1,169,1
scrambling,bit,linked,Done,968,801,59,1,101,6
scrambling,byte,array,Done,3960,801,11,1,59,0
scrambling,bit,array,Done,989,801,21,1,159,2
scrambling,byte,linked,Done,3920,801,11,1,32,0
scrambling,bit,linked,Done,990,801,22,2,109,6
scrambling,byte,linked,Done,4087,851,13,1,34,0
scrambling,bit,array,Done,1104,851,27,1,183,2
scrambling,byte,hashed,Done,4087,851,12,1,189,0
scrambling,bit,array,Done,1035,851,22,1,165,9
scrambling,byte,array,Done,4095,851,12,1,57,0
scrambling,bit,array,Done,1035,851,22,1,166,1
scrambling,byte,array,Done,4224,901,16,0,60,1
scrambling,bit,hashed,Done,1140,901,28,3,599,2
scrambling,byte,array,Done,4224,901,13,0,65,1
scrambling,bit,array,Done,1081,901,23,1,179,1
scrambling,byte,array,Done,4216,901,13,0,62,1
scrambling,bit,linked,Done,1128,901,25,1,125,7
scrambling,byte,hashed,Done,4218,951,13,1,183,0
scrambling,bit,array,Done,1127,951,27,2,195,2
scrambling,byte,hashed,Done,4270,951,12,2,189,1
scrambling,bit,array,Done,1200,951,26,1,213,2
scrambling,byte,hashed,Done,4278,951,13,1,183,1
scrambling,bit,array,Done,1127,951,28,2,190,2
scrambling,byte,hashed,Done,4392,1001,12,1,200,0
scrambling,bit,array,Done,1176,1001,26,1,202,1
scrambling,byte,array,Done,4416,1001,12,1,64,0
scrambling,bit,array,Done,1200,1001,26,1,209,2
scrambling,byte,array,Done,4422,1001,13,1,66,1
scrambling,bit,array,Done,1176,1001,25,2,202,2
scrambling,byte,array,Done,4480,1051,13,1,65,1
scrambling,bit,linked,Done,1326,1051,28,1,165,10
scrambling,byte,array,Done,4488,1051,13,1,66,0
scrambling,bit,hashed,Done,1339,1051,28,3,795,2
scrambling,byte,array,Done,4485,1051,13,0,65,1
scrambling,bit,hashed,Done,1313,1051,28,3,762,68
scrambling,byte,hashed,Done,4615,1101,15,1,214,1
scrambling,bit,linked,Done,1326,1101,67,1,167,11
scrambling,byte,hashed,Done,4560,1101,13,1,211,0
scrambling,bit,linked,Done,1287,1101,27,1,156,11
scrambling,byte,array,Done,4608,1101,13,0,73,0
scrambling,bit,array,Done,1326,1101,28,1,248,2
scrambling,byte,linked,Done,4602,1151,14,0,42,1
scrambling,bit,hashed,Done,1339,1151,64,2,788,44
scrambling,byte,linked,Done,4692,1151,14,1,44,0
scrambling,bit,hashed,Done,1339,1151,28,3,774,3
scrambling,byte,hashed,Done,4686,1151,13,1,218,1
scrambling,bit,array,Done,1339,1151,29,1,247,2
scrambling,byte,hashed,Done,4740,1201,14,1,229,0
scrambling,bit,linked,Done,1554,1201,47,1,223,12
scrambling,byte,linked,Done,4800,1201,14,1,45,1
scrambling,bit,array,Done,1458,1201,31,2,282,3
scrambling,byte,hashed,Done,4818,1201,14,1,221,1
scrambling,bit,array,Done,1404,1201,52,2,270,2
scrambling,byte,array,Done,4884,1251,46,1,79,1
scrambling,bit,array,Done,1498,1251,76,1,301,2
scrambling,byte,linked,Done,4899,1251,17,1,44,1
scrambling,bit,linked,Done,1485,1251,31,2,212,16
scrambling,byte,array,Done,4899,1251,15,1,80,0
scrambling,bit,array,Done,1512,1251,32,2,301,2
scrambling,byte,array,Done,5016,1301,45,1,86,0
scrambling,bit,hashed,Done,1512,1301,33,3,954,3
scrambling,byte,hashed,Done,5040,1301,14,1,244,1
scrambling,bit,hashed,Done,1539,1301,32,3,977,3
scrambling,byte,array,Done,5005,1301,15,1,79,1
scrambling,bit,hashed,Done,1540,1301,34,3,1004,3
scrambling,byte,array,Done,5112,1351,16,1,80,0
scrambling,bit,array,Done,1554,1351,76,2,316,2
scrambling,byte,array,Done,5100,1351,15,0,79,0
scrambling,bit,array,Done,1652,1351,35,2,349,2
scrambling,byte,hashed,Done,5100,1351,15,1,252,1
scrambling,bit,array,Done,1582,1351,34,2,327,3
scrambling,byte,hashed,Done,3024,1401,10,1,112,1
scrambling,bit,linked,Done,1624,1401,78,2,238,16
scrambling,byte,array,Done,3025,1401,9,1,37,0
scrambling,bit,array,Done,1770,1401,38,2,393,53
scrambling,byte,linked,Done,3021,1401,9,1,21,1
scrambling,bit,array,Done,1610,1401,45,2,333,3
scrambling,byte,array,Done,3120,1451,9,0,39,0
scrambling,bit,array,Done,1725,1451,81,2,380,3
scrambling,byte,array,Done,3087,1451,9,1,38,0
scrambling,bit,hashed,Done,1785,1451,39,3,1245,4
scrambling,byte,linked,Done,3111,1451,13,0,22,1
scrambling,bit,array,Done,1710,1451,37,2,366,2
scrambling,byte,linked,Done,3172,1501,9,1,22,1
scrambling,bit,linked,Done,1740,1501,41,2,274,19
scrambling,byte,hashed,Done,3190,1501,9,1,120,1
scrambling,bit,array,Done,1725,1501,40,2,376,3
scrambling,byte,array,Done,3172,1501,9,1,40,1
scrambling,bit,array,Done,1755,1501,47,2,385,2
scrambling,byte,linked,Done,3245,1551,10,0,23,1
scrambling,bit,linked,Done,1860,1551,40,1,313,20
scrambling,byte,array,Done,3233,1551,10,1,42,0
scrambling,bit,array,Done,1827,1551,45,2,407,3
scrambling,byte,hashed,Done,3240,1551,10,1,126,0
scrambling,bit,linked,Done,1815,1551,56,2,288,19
scrambling,byte,hashed,Done,3355,1601,9,1,132,1
scrambling,bit,hashed,Done,1872,1601,78,4,1339,87
scrambling,byte,array,Done,3360,1601,16,1,44,1
scrambling,bit,array,Done,1890,1601,75,2,433,3
scrambling,byte,hashed,Done,3348,1601,10,1,134,0
scrambling,bit,array,Done,1829,1601,40,2,407,3
scrambling,byte,linked,Done,3420,1651,11,0,26,0
scrambling,bit,hashed,Done,1891,1651,82,3,1399,5
scrambling,byte,array,Done,3420,1651,10,1,47,0
scrambling,bit,linked,Done,1922,1651,41,2,325,22
scrambling,byte,array,Done,3420,1651,10,1,47,0
scrambling,bit,array,Done,1875,1651,40,2,421,4
scrambling,byte,array,Done,3480,1701,10,0,45,1
scrambling,bit,hashed,Done,1952,1701,82,4,1425,113
scrambling,byte,hashed,Done,3477,1701,10,1,143,0
scrambling,bit,linked,Done,1936,1701,69,2,322,25
scrambling,byte,hashed,Done,3480,1701,11,1,144,1
scrambling,bit,array,Done,1953,1701,64,1,459,3
scrambling,byte,array,Done,3520,1751,10,1,48,0
scrambling,bit,array,Done,1984,1751,73,1,477,3
scrambling,byte,array,Done,3540,1751,11,0,47,0
scrambling,bit,hashed,Done,2016,1751,84,7,1612,5
scrambling,byte,array,Done,3538,1751,10,0,46,1
scrambling,bit,linked,Done,2046,1751,44,2,361,30
scrambling,byte,array,Done,3575,1801,11,0,47,1
scrambling,bit,hashed,Done,2046,1801,45,3,1589,5
scrambling,byte,linked,Done,3591,1801,10,1,28,0
scrambling,bit,hashed,Done,2064,1801,52,5,1719,5
scrambling,byte,linked,Done,3575,1801,11,0,29,0
scrambling,bit,array,Done,2079,1801,83,2,497,3
scrambling,byte,array,Done,3712,1851,11,0,52,1
scrambling,bit,array,Done,2096,1851,81,8,519,3
scrambling,byte,array,Done,3721,1851,11,0,50,1
scrambling,bit,linked,Done,2145,1851,87,2,394,38
scrambling,byte,array,Done,3721,1851,11,1,54,1
scrambling,bit,array,Done,2160,1851,47,1,545,4
scrambling,byte,array,Done,3752,1901,10,1,55,0
scrambling,bit,hashed,Done,2142,1901,85,4,1722,5
scrambling,byte,linked,Done,3782,1901,11,1,29,1
scrambling,bit,array,Done,2178,1901,47,2,547,4
scrambling,byte,hashed,Done,3776,1901,11,1,162,0
scrambling,bit,hashed,Done,2145,1901,83,4,1791,5
scrambling,byte,array,Done,3843,1951,11,1,52,1
scrambling,bit,array,Done,2192,1951,63,2,535,3
scrambling,byte,array,Done,3840,1951,13,1,57,1
scrambling,bit,array,Done,2227,1951,82,2,560,3
scrambling,byte,array,Done,3835,1951,11,0,56,0
scrambling,bit,array,Done,2211,1951,47,2,542,4
scrambling,byte,array,Done,3906,2001,12,1,57,1
scrambling,bit,linked,Done,2278,2001,88,2,447,46
scrambling,byte,hashed,Done,3900,2001,11,1,162,1
scrambling,bit,array,Done,2278,2001,90,2,576,4
scrambling,byte,array,Done,3900,2001,12,0,55,1
scrambling,bit,array,Done,2278,2001,64,2,610,4
scrambling,byte,array,Done,3960,2051,11,1,55,0
scrambling,bit,linked,Done,2329,2051,73,2,452,45
scrambling,byte,hashed,Done,3965,2051,17,1,173,0
scrambling,bit,array,Done,2312,2051,60,2,590,4
scrambling,byte,array,Done,3933,2051,12,1,55,1
scrambling,bit,hashed,Done,2312,2051,92,5,2094,22
scrambling,byte,hashed,Done,3249,2101,10,1,125,1
scrambling,bit,hashed,Done,2380,2101,51,5,2384,45
scrambling,byte,array,Done,3245,2101,10,1,41,1
scrambling,bit,array,Done,2520,2101,67,2,669,4
scrambling,byte,hashed,Done,3240,2101,11,1,132,1
scrambling,bit,hashed,Done,2397,2101,51,5,2322,6
scrambling,byte,array,Done,3304,2151,10,1,66,1
scrambling,bit,linked,Done,2414,2151,61,2,495,47
scrambling,byte,array,Done,3300,2151,10,1,43,1
scrambling,bit,hashed,Done,2414,2151,63,5,2456,8
scrambling,byte,array,Done,3304,2151,10,0,44,0
scrambling,bit,array,Done,2485,2151,54,2,666,5
scrambling,byte,hashed,Done,3363,2201,10,1,133,0
scrambling,bit,array,Done,2466,2201,90,2,674,4
scrambling,byte,array,Done,3364,2201,10,1,43,1
scrambling,bit,hashed,Done,2502,2201,59,5,2644,6
scrambling,byte,array,Done,3360,2201,10,0,44,0
scrambling,bit,array,Done,2485,2201,56,2,678,47
scrambling,byte,hashed,Done,3416,2251,10,1,131,1
scrambling,bit,array,Done,2520,2251,55,2,689,5
scrambling,byte,array,Done,3422,2251,10,1,46,1
scrambling,bit,array,Done,2520,2251,60,2,689,4
scrambling,byte,array,Done,3416,2251,10,0,45,0
scrambling,bit,hashed,Done,2574,2251,55,6,2631,7
scrambling,byte,array,Done,3481,2301,10,1,53,0
scrambling,bit,hashed,Done,2664,2301,65,6,2596,6
scrambling,byte,array,Done,3481,2301,11,0,48,1
scrambling,bit,hashed,Done,2627,2301,65,5,2760,7
scrambling,byte,linked,Done,3472,2301,10,0,26,2
scrambling,bit,array,Done,2574,2301,93,2,709,4
scrambling,byte,array,Done,3528,2351,10,1,47,0
scrambling,bit,linked,Done,2628,2351,76,2,571,49
scrambling,byte,linked,Done,3538,2351,11,130,27,1
scrambling,bit,array,Done,2628,2351,56,2,727,5
scrambling,byte,array,Done,3538,2351,10,0,46,0
scrambling,bit,hashed,Done,2646,2351,95,5,2518,7
scrambling,byte,linked,Done,3599,2401,11,0,28,1
scrambling,bit,linked,Done,2682,2401,99,2,583,46
scrambling,byte,array,Done,3591,2401,11,1,51,0
scrambling,bit,array,Done,2701,2401,71,2,768,41
scrambling,byte,hashed,Done,3575,2401,11,1,144,1
scrambling,bit,hashed,Done,2701,2401,67,6,3006,7
scrambling,byte,hashed,Done,3717,2451,11,1,154,1
scrambling,bit,array,Done,2775,2451,63,2,798,4
scrambling,byte,hashed,Done,3721,2451,12,1,158,0
scrambling,bit,array,Done,2869,2451,62,2,856,5
scrambling,byte,hashed,Done,3717,2451,12,1,154,1
scrambling,bit,hashed,Done,2812,2451,60,6,3035,7
scrambling,byte,linked,Done,3762,2501,11,1,29,2
scrambling,bit,array,Done,2850,2501,63,3,838,5
scrambling,byte,linked,Done,3776,2501,11,1,30,1
scrambling,bit,array,Done,2850,2501,61,2,831,5
scrambling,byte,hashed,Done,3782,2501,10,1,162,0
scrambling,bit,hashed,Done,2775,2501,66,6,3104,48
scrambling,byte,array,Done,3843,2551,12,1,61,1
scrambling,bit,array,Done,2869,2551,69,3,858,5
scrambling,byte,array,Done,3808,2551,13,1,82,1
scrambling,bit,array,Done,2925,2551,77,2,868,5
scrambling,byte,linked,Done,3835,2551,12,0,33,2
scrambling,bit,linked,Done,2849,2551,70,2,663,48
scrambling,byte,linked,Done,3840,2601,11,1,30,1
scrambling,bit,hashed,Done,2888,2601,86,7,3251,8
scrambling,byte,linked,Done,3835,2601,12,0,31,1
scrambling,bit,array,Done,2886,2601,70,3,861,58
scrambling,byte,hashed,Done,3840,2601,11,1,160,1
scrambling,bit,linked,Done,2964,2601,72,2,721,50
scrambling,byte,array,Done,3906,2651,12,1,57,1
scrambling,bit,hashed,Done,2945,2651,67,7,3437,9
scrambling,byte,array,Done,3906,2651,12,1,53,1
scrambling,bit,array,Done,2945,2651,107,2,912,54
scrambling,byte,array,Done,3904,2651,12,0,60,0
scrambling,bit,array,Done,3060,2651,69,3,1066,6
scrambling,byte,array,Done,3968,2701,13,1,61,0
scrambling,bit,array,Done,2983,2701,69,10,916,5
scrambling,byte,array,Done,3953,2701,12,1,58,1
scrambling,bit,hashed,Done,3060,2701,73,9,3838,10
scrambling,byte,array,Done,3953,2701,11,1,55,1
scrambling,bit,array,Done,3021,2701,77,2,938,6
scrambling,byte,array,Done,4012,2751,12,1,63,1
scrambling,bit,linked,Done,3100,2751,68,2,747,56
scrambling,byte,hashed,Done,4032,2751,13,1,192,1
scrambling,bit,linked,Done,3100,2751,74,3,741,55
scrambling,byte,linked,Done,4030,2751,11,1,33,2
scrambling,bit,linked,Done,3100,2751,76,2,743,55
scrambling,byte,array,Done,3782,2801,15,1,52,1
scrambling,bit,array,Done,3160,2801,68,3,987,6
scrambling,byte,array,Done,3782,2801,50,1,51,1
scrambling,bit,linked,Done,3140,2801,109,3,798,56
scrambling,byte,hashed,Done,3780,2801,12,1,153,1
scrambling,bit,linked,Done,3180,2801,109,3,807,56
scrambling,byte,array,Done,3843,2851,12,0,53,1
scrambling,bit,linked,Done,3160,2851,68,3,802,58
scrambling,byte,array,Done,3819,2851,12,1,57,0
scrambling,bit,array,Done,3340,2851,73,3,1083,6
scrambling,byte,hashed,Done,3843,2851,12,1,182,1
scrambling,bit,linked,Done,3239,2851,106,3,823,57
scrambling,byte,hashed,Done,3904,2901,11,1,161,1
scrambling,bit,hashed,Done,3240,2901,103,8,3347,9
scrambling,byte,array,Done,3900,2901,11,1,55,0
scrambling,bit,hashed,Done,3300,2901,87,8,3417,9
scrambling,byte,array,Done,3904,2901,12,0,59,1
scrambling,bit,array,Done,3198,2901,70,2,1023,6
scrambling,byte,hashed,Done,3944,2951,11,1,169,1
scrambling,bit,array,Done,3321,2951,75,2,1083,7
scrambling,byte,array,Done,3968,2951,12,0,66,1
scrambling,bit,linked,Done,3280,2951,74,2,832,65
scrambling,byte,linked,Done,3968,2951,11,1,32,2
scrambling,bit,hashed,Done,3280,2951,86,8,3845,10
scrambling,byte,linked,Done,4030,3001,12,1,34,2
scrambling,bit,array,Done,3321,3001,84,2,1086,45
scrambling,byte,array,Done,4030,3001,11,1,56,0
scrambling,bit,linked,Done,3318,3001,107,2,862,65
scrambling,byte,linked,Done,4020,3001,11,1,32,2
scrambling,bit,hashed,Done,3507,3001,121,8,3811,12
scrambling,byte,array,Done,4096,3051,12,1,63,1
scrambling,bit,linked,Done,3402,3051,112,3,906,66
scrambling,byte,array,Done,4096,3051,19,1,59,1
scrambling,bit,linked,Done,3403,3051,114,3,906,66
scrambling,byte,array,Done,4092,3051,25,0,58,1
scrambling,bit,array,Done,3402,3051,77,3,1127,7
scrambling,byte,array,Done,4154,3101,12,1,63,0
scrambling,bit,array,Done,3444,3101,89,2,1193,6
scrambling,byte,hashed,Done,4154,3101,12,1,176,1
scrambling,bit,linked,Done,3465,3101,78,3,953,67
scrambling,byte,array,Done,4160,3101,13,1,60,1
scrambling,bit,hashed,Done,3423,3101,111,7,3612,10
scrambling,byte,linked,Done,4200,3151,12,1,36,2
scrambling,bit,array,Done,3486,3151,80,3,1193,49
scrambling,byte,array,Done,4225,3151,14,1,63,0
scrambling,bit,array,Done,3465,3151,81,3,1181,7
scrambling,byte,array,Done,4209,3151,12,1,61,1
scrambling,bit,array,Done,3465,3151,85,2,1175,7
scrambling,byte,hashed,Done,4290,3201,28,1,197,1
scrambling,bit,hashed,Done,3528,3201,80,9,3935,13
scrambling,byte,array,Done,4278,3201,12,0,61,1
scrambling,bit,array,Done,3570,3201,78,3,1271,7
scrambling,byte,linked,Done,4290,3201,13,1,36,2
scrambling,bit,linked,Done,3570,3201,78,3,1004,68
scrambling,byte,hashed,Done,4355,3251,13,1,205,1
scrambling,bit,array,Done,3570,3251,81,2,1248,8
scrambling,byte,hashed,Done,4356,3251,18,1,188,1
scrambling,bit,array,Done,3591,3251,78,3,1246,8
scrambling,byte,linked,Done,4356,3251,13,0,39,2
scrambling,bit,hashed,Done,3569,3251,82,9,4266,16
scrambling,byte,array,Done,4355,3301,13,1,68,1
scrambling,bit,array,Done,3654,3301,80,3,1324,10
scrambling,byte,linked,Done,4352,3301,13,1,36,2
scrambling,bit,hashed,Done,3633,3301,83,9,4404,14
scrambling,byte,array,Done,4352,3301,20,1,66,1
scrambling,bit,array,Done,3741,3301,87,3,1333,8
scrambling,byte,array,Done,4420,3351,13,0,64,0
scrambling,bit,hashed,Done,3741,3351,81,9,4395,13
scrambling,byte,hashed,Done,4422,3351,13,1,202,1
scrambling,bit,array,Done,3741,3351,92,3,1351,8
scrambling,byte,array,Done,4420,3351,13,0,69,1
scrambling,bit,linked,Done,3675,3351,87,3,1042,80
scrambling,byte,array,Done,4489,3401,13,1,66,1
scrambling,bit,array,Done,3850,3401,238,3,1394,7
scrambling,byte,linked,Done,4489,3401,19,1,40,3
scrambling,bit,hashed,Done,3740,3401,92,10,4547,15
scrambling,byte,array,Done,4485,3401,13,0,70,1
scrambling,bit,hashed,Done,3717,3401,87,9,4586,16
scrambling,byte,array,Done,4556,3451,14,1,73,1
scrambling,bit,linked,Done,3828,3451,92,3,1168,90
scrambling,byte,array,Done,4554,3451,14,1,68,1
scrambling,bit,linked,Done,3915,3451,117,5,1159,80
scrambling,byte,array,Done,4554,3451,13,0,68,1
scrambling,bit,array,Done,3828,3451,91,3,1378,8
scrambling,byte,linked,Done,4554,3501,13,0,41,2
scrambling,bit,array,Done,3828,3501,83,3,1391,7
scrambling,byte,array,Done,4554,3501,13,1,68,0
scrambling,bit,array,Done,3828,3501,86,4,1380,7
scrambling,byte,hashed,Done,4556,3501,13,1,221,2
scrambling,bit,array,Done,3828,3501,84,2,1375,7
scrambling,byte,array,Done,4623,3551,13,1,70,1
scrambling,bit,linked,Done,3916,3551,92,4,1194,89
scrambling,byte,array,Done,4620,3551,33,1,76,1
scrambling,bit,array,Done,3938,3551,134,3,1449,8
scrambling,byte,linked,Done,4624,3551,13,0,41,2
scrambling,bit,linked,Done,3894,3551,93,4,1192,90
scrambling,byte,array,Done,4690,3601,13,1,69,1
scrambling,bit,array,Done,4209,3601,127,3,1643,8
scrambling,byte,array,Done,4686,3601,13,1,72,1
scrambling,bit,linked,Done,4095,3601,104,4,1287,91
scrambling,byte,linked,Done,4692,3601,13,1,40,2
scrambling,bit,array,Done,3938,3601,124,3,1456,8
scrambling,byte,array,Done,4690,3651,43,1,76,1
scrambling,bit,hashed,Done,4095,3651,97,10,5442,13
scrambling,byte,hashed,Done,4692,3651,26,1,221,1
scrambling,bit,hashed,Done,4026,3651,247,11,5149,14
scrambling,byte,array,Done,4686,3651,14,0,79,0
scrambling,bit,hashed,Done,4095,3651,116,10,5005,12
scrambling,byte,linked,Done,4736,3701,14,0,44,2
scrambling,bit,linked,Done,4071,3701,88,4,1239,97
scrambling,byte,array,Done,4757,3701,15,0,77,0
scrambling,bit,array,Done,4071,3701,129,3,1579,8
scrambling,byte,array,Done,4760,3701,14,0,116,1
scrambling,bit,array,Done,4094,3701,137,3,1540,8
scrambling,byte,array,Done,4830,3751,15,1,78,1
scrambling,bit,linked,Done,4186,3751,140,3,1323,100
scrambling,byte,array,Done,4824,3751,15,0,74,1
scrambling,bit,hashed,Done,4095,3751,136,10,5076,13
scrambling,byte,hashed,Done,4824,3751,14,2,240,1
scrambling,bit,array,Done,4095,3751,102,3,1559,7
scrambling,byte,array,Done,4899,3801,22,1,75,1
scrambling,bit,array,Done,4163,3801,131,4,1631,8
scrambling,byte,array,Done,4900,3801,20,1,77,1
scrambling,bit,array,Done,4140,3801,92,3,1602,8
scrambling,byte,array,Done,4900,3801,14,1,76,1
scrambling,bit,array,Done,4186,3801,92,3,1612,54
scrambling,byte,array,Done,4970,3851,15,1,82,1
scrambling,bit,hashed,Done,4209,3851,107,11,5354,12
scrambling,byte,array,Done,4964,3851,14,1,77,1
scrambling,bit,linked,Done,4255,3851,93,3,1493,94
scrambling,byte,linked,Done,4968,3851,14,1,47,3
scrambling,bit,linked,Done,4209,3851,96,4,1310,95
scrambling,byte,hashed,Done,4970,3901,16,1,251,1
scrambling,bit,array,Done,4255,3901,121,4,1623,8
scrambling,byte,array,Done,4968,3901,14,0,77,1
scrambling,bit,array,Done,4255,3901,131,3,1601,48
scrambling,byte,linked,Done,4970,3901,14,1,53,3
scrambling,bit,hashed,Done,4392,3901,101,10,5353,12
scrambling,byte,array,Done,5041,3951,17,0,77,0
scrambling,bit,array,Done,4370,3951,95,3,1736,8
scrambling,byte,linked,Done,5040,3951,14,1,49,2
scrambling,bit,array,Done,4371,3951,145,3,1656,45
scrambling,byte,array,Done,5040,3951,14,1,79,1
scrambling,bit,array,Done,4301,3951,108,3,1653,8
scrambling,byte,hashed,Done,5110,4001,14,1,273,1
scrambling,bit,hashed,Done,4371,4001,107,9,5223,16
scrambling,byte,array,Done,5092,4001,14,0,78,1
scrambling,bit,linked,Done,4560,4001,149,4,1534,109
scrambling,byte,array,Done,5110,4001,14,1,77,1
scrambling,bit,array,Done,4371,4001,96,3,1695,9
scrambling,byte,array,Done,5180,4051,15,0,85,1
scrambling,bit,linked,Done,4465,4051,102,4,1390,100
scrambling,byte,array,Done,5183,4051,14,1,87,1
scrambling,bit,linked,Done,4418,4051,149,4,1439,103
scrambling,byte,array,Done,5148,4051,14,1,105,1
scrambling,bit,linked,Done,4465,4051,94,4,1496,103
scrambling,byte,array,Done,5256,4101,14,1,222,1
scrambling,bit,array,Done,4584,4101,140,3,1812,9
scrambling,byte,array,Done,5244,4101,20,1,84,1
scrambling,bit,hashed,Done,4560,4101,100,10,5849,16
scrambling,byte,hashed,Done,5244,4101,15,1,271,1
scrambling,bit,linked,Done,4465,4101,104,4,1422,111
scrambling,byte,linked,Done,5254,4151,53,1,52,3
scrambling,bit,linked,Done,4559,4151,99,4,1488,118
scrambling,byte,array,Done,5256,4151,15,0,83,1
scrambling,bit,array,Done,4680,4151,99,3,1885,50
scrambling,byte,hashed,Done,5256,4151,20,2,248,1
scrambling,bit,array,Done,4557,4151,101,4,1837,9
scrambling,byte,array,Done,5244,4201,21,1,85,1
scrambling,bit,array,Done,4584,4201,121,4,1805,8
scrambling,byte,array,Done,5250,4201,15,1,103,1
scrambling,bit,linked,Done,4632,4201,125,4,1606,115
scrambling,byte,array,Done,5250,4201,15,1,93,1
scrambling,bit,linked,Done,4560,4201,96,4,1513,121
scrambling,byte,linked,Done,5329,4251,14,1,52,3
scrambling,bit,hashed,Done,4656,4251,119,9,5894,14
scrambling,byte,array,Done,5329,4251,15,1,83,1
scrambling,bit,array,Done,4656,4251,108,4,1867,11
scrambling,byte,array,Done,5325,4251,15,1,87,0
scrambling,bit,array,Done,4606,4251,97,3,1820,10
scrambling,byte,linked,Done,5390,4301,15,0,61,3
scrambling,bit,array,Done,4775,4301,108,4,2055,9
scrambling,byte,array,Done,5400,4301,22,1,86,1
scrambling,bit,array,Done,4656,4301,111,3,1857,8
scrambling,byte,hashed,Done,5402,4301,15,1,274,1
scrambling,bit,linked,Done,4851,4301,121,5,1847,152
scrambling,byte,array,Done,5396,4351,17,1,104,2
scrambling,bit,hashed,Done,4950,4351,133,11,6699,15
scrambling,byte,hashed,Done,5402,4351,15,1,281,1
scrambling,bit,array,Done,4925,4351,115,4,2051,9
scrambling,byte,array,Done,5402,4351,15,1,85,1
scrambling,bit,linked,Done,4728,4351,104,4,1627,124
scrambling,byte,hashed,Done,5475,4401,16,1,290,1
scrambling,bit,linked,Done,4950,4401,103,4,1672,130
scrambling,byte,array,Done,5475,4401,15,1,89,2
scrambling,bit,hashed,Done,4802,4401,146,12,6280,15
scrambling,byte,hashed,Done,5475,4401,15,1,273,1
scrambling,bit,linked,Done,4851,4401,117,4,1611,124
scrambling,byte,linked,Done,5550,4451,16,1,71,3
scrambling,bit,linked,Done,4851,4451,101,4,1624,127
scrambling,byte,hashed,Done,5548,4451,16,1,292,1
scrambling,bit,hashed,Done,4851,4451,108,10,6706,15
scrambling,byte,array,Done,5550,4451,16,1,93,1
scrambling,bit,array,Done,4851,4451,141,3,2115,21
scrambling,byte,linked,Done,5624,4501,16,1,60,3
scrambling,bit,hashed,Done,4875,4501,281,10,6473,16
scrambling,byte,array,Done,5621,4501,16,1,95,1
scrambling,bit,array,Done,5096,4501,121,3,2161,9
scrambling,byte,array,Done,5621,4501,16,0,90,1
scrambling,bit,linked,Done,4875,4501,119,4,1649,131
scrambling,byte,linked,Done,5625,4551,17,0,56,3
scrambling,bit,linked,Done,4925,4551,116,4,1703,136
scrambling,byte,hashed,Done,5625,4551,15,1,296,1
scrambling,bit,array,Done,4949,4551,107,3,2063,10
scrambling,byte,array,Done,5625,4551,15,1,89,1
scrambling,bit,hashed,Done,4950,4551,107,12,6799,20
scrambling,byte,hashed,Done,5700,4601,19,1,293,1
scrambling,bit,array,Done,5049,4601,114,4,2126,9
scrambling,byte,linked,Done,5698,4601,16,1,57,3
scrambling,bit,array,Done,5049,4601,132,5,2119,10
scrambling,byte,array,Done,5700,4601,16,1,92,1
scrambling,bit,hashed,Done,4975,4601,113,11,6582,15
scrambling,byte,array,Done,5760,4651,15,1,99,1
scrambling,bit,array,Done,5100,4651,119,3,2127,11
scrambling,byte,array,Done,5775,4651,16,1,95,1
scrambling,bit,linked,Done,5025,4651,112,4,1705,140
scrambling,byte,linked,Done,5776,4651,16,1,57,3
scrambling,bit,array,Done,5025,4651,105,4,2195,50
scrambling,byte,hashed,Done,5850,4701,16,1,305,1
scrambling,bit,array,Done,5202,4701,120,4,2227,9
scrambling,byte,array,Done,5852,4701,16,1,100,1
scrambling,bit,linked,Done,5151,4701,121,4,1892,145
scrambling,byte,hashed,Done,5852,4701,16,1,298,1
scrambling,bit,array,Done,5151,4701,114,4,2206,9
scrambling,byte,array,Done,5850,4751,16,1,97,1
scrambling,bit,hashed,Done,5175,4751,122,11,6983,18
scrambling,byte,array,Done,5840,4751,16,0,97,1
scrambling,bit,array,Done,5202,4751,113,4,2302,10
scrambling,byte,linked,Done,5850,4751,19,1,69,3
scrambling,bit,array,Done,5125,4751,122,3,2149,9
scrambling,byte,array,Done,5920,4801,16,1,99,1
scrambling,bit,array,Done,5202,4801,138,4,2221,9
scrambling,byte,array,Done,5904,4801,16,0,97,1
scrambling,bit,array,Done,5253,4801,111,4,2250,9
scrambling,byte,array,Done,5928,4801,17,1,103,1
scrambling,bit,array,Done,5382,4801,114,4,2358,9
scrambling,byte,linked,Done,6006,4851,52,1,70,4
scrambling,bit,linked,Done,5304,4851,132,4,1953,148
scrambling,byte,array,Done,6006,4851,16,1,97,1
scrambling,bit,hashed,Done,5253,4851,140,11,7462,17
scrambling,byte,array,Done,6006,4851,16,1,99,1
scrambling,bit,linked,Done,5253,4851,295,5,1973,153
scrambling,byte,hashed,Done,6084,4901,20,1,315,1
scrambling,bit,array,Done,5304,4901,136,4,2324,10
scrambling,byte,linked,Done,6083,4901,17,0,62,4
scrambling,bit,array,Done,5353,4901,132,4,2401,12
scrambling,byte,hashed,Done,6080,4901,17,1,322,2
scrambling,bit,linked,Done,5304,4901,115,5,2017,153
scrambling,byte,array,Done,6075,4951,17,0,102,1
scrambling,bit,hashed,Done,5355,4951,148,11,7378,17
scrambling,byte,array,Done,6083,4951,16,1,101,2
scrambling,bit,array,Done,5486,4951,117,4,2426,44
scrambling,byte,array,Done,6075,4951,17,0,101,1
scrambling,bit,array,Done,5538,4951,143,4,2480,65
scrambling,byte,hashed,Done,6162,5001,17,2,315,1
scrambling,bit,array,Done,5408,5001,134,4,2369,10
scrambling,byte,linked,Done,6160,5001,17,1,67,3
scrambling,bit,array,Done,5590,5001,145,4,2558,51
scrambling,byte,hashed,Done,6162,5001,23,1,327,1
scrambling,bit,array,Done,5512,5001,144,4,2484,9
scrambling,byte,array,Done,6240,5051,17,1,109,1
scrambling,bit,hashed,Done,5460,5051,127,12,7966,19
scrambling,byte,linked,Done,6232,5051,17,1,64,3
scrambling,bit,array,Done,5565,5051,123,4,2636,10
scrambling,byte,array,Done,6237,5051,17,0,107,1
scrambling,bit,array,Done,5460,5051,128,5,2410,57
scrambling,byte,linked,Done,6225,5101,18,0,69,4
scrambling,bit,hashed,Done,5590,5101,144,12,8179,47
scrambling,byte,array,Done,6237,5101,24,1,104,2
scrambling,bit,array,Done,5697,5101,129,4,2602,49
scrambling,byte,hashed,Done,6232,5101,17,2,347,2
scrambling,bit,hashed,Done,5618,5101,120,12,8292,21
scrambling,byte,linked,Done,6318,5151,17,1,67,4
scrambling,bit,linked,Done,5778,5151,152,5,2273,166
scrambling,byte,linked,Done,6320,5151,16,1,74,4
scrambling,bit,array,Done,5565,5151,158,4,2546,10
scrambling,byte,array,Done,6318,5151,18,1,115,1
scrambling,bit,linked,Done,5565,5151,128,5,2127,169
scrambling,byte,array,Done,6396,5201,20,1,107,1
scrambling,bit,linked,Done,5590,5201,118,4,2148,170
scrambling,byte,hashed,Done,6399,5201,18,1,351,1
scrambling,bit,array,Done,5671,5201,122,4,2594,9
scrambling,byte,linked,Done,6400,5201,17,1,69,4
scrambling,bit,array,Done,5618,5201,130,4,2552,10
scrambling,byte,array,Done,6400,5251,21,1,108,1
scrambling,bit,array,Done,5671,5251,127,4,2698,11
scrambling,byte,hashed,Done,6399,5251,17,2,345,2
scrambling,bit,linked,Done,5671,5251,133,5,2342,179
scrambling,byte,linked,Done,6391,5251,18,1,71,5
scrambling,bit,array,Done,5670,5251,131,4,2585,10
scrambling,byte,array,Done,6478,5301,18,1,116,1
scrambling,bit,hashed,Done,5724,5301,144,13,8879,19
scrambling,byte,hashed,Done,6480,5301,26,2,344,1
scrambling,bit,linked,Done,5751,5301,124,5,2295,176
scrambling,byte,hashed,Done,6474,5301,17,2,355,2
scrambling,bit,array,Done,5994,5301,130,4,2832,10
scrambling,byte,linked,Done,6552,5351,18,1,71,5
scrambling,bit,hashed,Done,5830,5351,143,13,8896,20
scrambling,byte,array,Done,6557,5351,26,0,114,1
scrambling,bit,array,Done,5751,5351,137,4,2614,10
scrambling,byte,array,Done,6560,5351,17,1,123,1
scrambling,bit,linked,Done,5751,5351,133,5,2228,180
scrambling,byte,linked,Done,6552,5401,20,0,72,4
scrambling,bit,array,Done,5940,5401,171,4,2799,11
scrambling,byte,linked,Done,6560,5401,18,1,74,4
scrambling,bit,array,Done,5805,5401,140,4,2843,13
scrambling,byte,linked,Done,6561,5401,18,1,73,4
scrambling,bit,hashed,Done,5805,5401,129,27,9353,25
scrambling,byte,array,Done,6642,5451,18,0,118,1
scrambling,bit,hashed,Done,5994,5451,135,13,9609,21
scrambling,byte,hashed,Done,6642,5451,19,1,394,2
scrambling,bit,linked,Done,5913,5451,141,5,2520,215
scrambling,byte,array,Done,6640,5451,20,0,137,1
scrambling,bit,linked,Done,5859,5451,148,5,2356,210
scrambling,byte,array,Done,6724,5501,18,1,118,2
scrambling,bit,array,Done,6105,5501,154,5,2945,15
scrambling,byte,linked,Done,6720,5501,18,1,74,4
scrambling,bit,array,Done,6244,5501,154,5,3043,10
scrambling,byte,linked,Done,6723,5501,19,1,75,5
scrambling,bit,array,Done,5995,5501,127,4,2876,11
scrambling,byte,linked,Done,6806,5551,25,1,77,4
scrambling,bit,hashed,Done,5995,5551,140,14,9243,22
scrambling,byte,array,Done,6806,5551,18,1,125,1
scrambling,bit,array,Done,5967,5551,314,4,2870,12
scrambling,byte,array,Done,6804,5551,19,0,130,1
scrambling,bit,hashed,Done,6050,5551,145,14,9797,21
scrambling,byte,linked,Done,6806,5601,18,1,77,4
scrambling,bit,hashed,Done,6105,5601,147,14,9913,28
scrambling,byte,hashed,Done,6804,5601,19,1,398,1
scrambling,bit,array,Done,6160,5601,144,4,3032,12
scrambling,byte,linked,Done,6806,5601,19,1,78,4
scrambling,bit,linked,Done,6216,5601,150,5,2650,197
scrambling,byte,array,Done,6889,5651,32,1,131,1
scrambling,bit,array,Done,6105,5651,132,20,2983,12
scrambling,byte,linked,Done,6888,5651,19,1,82,4
scrambling,bit,hashed,Done,6132,5651,135,14,10309,24
scrambling,byte,hashed,Done,6888,5651,19,2,389,1
scrambling,bit,linked,Done,6244,5651,144,5,2816,213
scrambling,byte,array,Done,6970,5701,28,1,130,1
scrambling,bit,hashed,Done,6216,5701,313,15,9835,22
scrambling,byte,linked,Done,6972,5701,19,1,81,4
scrambling,bit,array,Done,6160,5701,152,5,3012,12
scrambling,byte,array,Done,6966,5701,23,1,126,1
scrambling,bit,array,Done,6216,5701,143,5,3112,12
scrambling,byte,array,Done,6970,5751,20,1,123,2
scrambling,bit,linked,Done,6244,5751,146,5,2736,211
scrambling,byte,linked,Done,6966,5751,19,1,79,4
scrambling,bit,array,Done,6215,5751,169,5,3103,11
scrambling,byte,hashed,Done,6970,5751,27,2,405,2
scrambling,bit,array,Done,6215,5751,159,4,3097,12
scrambling,byte,array,Done,7056,5801,19,1,125,1
scrambling,bit,hashed,Done,6215,5801,158,15,9893,23
scrambling,byte,array,Done,7055,5801,21,0,128,2
scrambling,bit,array,Done,6216,5801,142,5,3106,11
scrambling,byte,array,Done,7055,5801,19,1,129,1
scrambling,bit,array,Done,6328,5801,145,5,3108,12
scrambling,byte,hashed,Done,7047,5851,30,3,411,1
scrambling,bit,hashed,Done,6272,5851,155,15,10368,23
scrambling,byte,hashed,Done,7052,5851,18,2,412,51
scrambling,bit,array,Done,6328,5851,149,4,3112,11
scrambling,byte,array,Done,7047,5851,19,1,129,2
scrambling,bit,linked,Done,6272,5851,149,6,2645,215
scrambling,byte,array,Done,7138,5901,19,1,134,1
scrambling,bit,array,Done,6328,5901,152,5,3169,11
scrambling,byte,hashed,Done,7140,5901,19,1,413,2
scrambling,bit,linked,Done,6327,5901,136,5,2911,224
scrambling,byte,linked,Done,7140,5901,21,1,86,5
scrambling,bit,array,Done,6441,5901,159,5,3275,11
scrambling,byte,hashed,Done,7216,5951,22,2,430,2
scrambling,bit,array,Done,6412,5951,157,5,3277,15
scrambling,byte,hashed,Done,7221,5951,28,1,420,1
scrambling,bit,array,Done,6384,5951,173,5,3211,12
scrambling,byte,hashed,Done,7225,5951,20,1,406,2
scrambling,bit,array,Done,6441,5951,148,5,3407,56
scrambling,byte,linked,Done,7224,6001,20,1,88,5
scrambling,bit,array,Done,6440,6001,346,5,3290,12
scrambling,byte,array,Done,7224,6001,20,1,145,1
scrambling,bit,array,Done,6583,6001,150,5,3394,11
scrambling,byte,array,Done,7225,6001,20,1,131,2
scrambling,bit,array,Done,6498,6001,153,4,3488,12
scrambling,byte,linked,Done,7308,6051,27,1,87,5
scrambling,bit,array,Done,6555,6051,197,7,3430,15
scrambling,byte,linked,Done,7310,6051,22,0,91,5
scrambling,bit,linked,Done,6555,6051,140,5,2934,241
scrambling,byte,hashed,Done,7298,6051,20,2,484,2
scrambling,bit,linked,Done,6555,6051,160,6,3196,221
scrambling,byte,hashed,Done,7392,6101,20,1,440,2
scrambling,bit,array,Done,6670,6101,149,5,3440,12
scrambling,byte,linked,Done,7392,6101,21,1,89,6
scrambling,bit,array,Done,6699,6101,177,5,3473,13
scrambling,byte,array,Done,7396,6101,21,1,143,2
scrambling,bit,linked,Done,6525,6101,154,6,2964,218
scrambling,byte,linked,Done,7395,6151,38,2,91,5
scrambling,bit,hashed,Done,6612,6151,344,17,12127,27
scrambling,byte,linked,Done,7387,6151,20,1,101,5
scrambling,bit,array,Done,6583,6151,174,5,3437,13
scrambling,byte,linked,Done,7395,6151,20,1,102,6
scrambling,bit,linked,Done,6726,6151,156,6,3131,233
scrambling,byte,linked,Done,7470,6201,20,1,93,6
scrambling,bit,hashed,Done,6699,6201,148,17,11945,27
scrambling,byte,linked,Done,7470,6201,21,1,92,5
scrambling,bit,array,Done,6786,6201,158,5,3578,13
scrambling,byte,hashed,Done,7470,6201,19,2,437,1
scrambling,bit,hashed,Done,6699,6201,193,16,11520,27
scrambling,byte,linked,Done,7560,6251,46,1,95,6
scrambling,bit,array,Done,6699,6251,164,4,3418,17
scrambling,byte,array,Done,7560,6251,28,1,144,2
scrambling,bit,hashed,Done,6699,6251,148,16,11446,28
scrambling,byte,linked,Done,7568,6251,20,1,91,5
scrambling,bit,array,Done,6699,6251,175,4,3463,13
scrambling,byte,array,Done,7568,6301,20,0,143,1
scrambling,bit,array,Done,6757,6301,364,5,3500,15
scrambling,byte,array,Done,7568,6301,20,1,145,1
scrambling,bit,array,Done,6844,6301,173,5,3624,13
scrambling,byte,linked,Done,7568,6301,20,1,91,5
scrambling,bit,array,Done,6757,6301,151,5,3591,15
scrambling,byte,linked,Done,7654,6351,26,1,97,5
scrambling,bit,hashed,Done,6786,6351,160,18,11590,28
scrambling,byte,array,Done,7654,6351,20,1,142,1
scrambling,bit,array,Done,6844,6351,160,5,3677,14
scrambling,byte,hashed,Done,7656,6351,21,1,482,2
scrambling,bit,array,Done,6903,6351,172,5,3689,14
scrambling,byte,array,Done,7735,6401,22,1,154,1
scrambling,bit,hashed,Done,6844,6401,172,16,11854,31
scrambling,byte,hashed,Done,7744,6401,21,1,462,2
scrambling,bit,array,Done,7021,6401,150,5,3756,13
scrambling,byte,array,Done,7744,6401,22,1,152,1
scrambling,bit,linked,Done,6990,6401,165,6,3356,255
scrambling,byte,array,Done,7743,6451,27,1,143,2
scrambling,bit,array,Done,6903,6451,341,5,3633,15
scrambling,byte,linked,Done,7735,6451,30,1,95,5
scrambling,bit,linked,Done,6902,6451,157,6,3156,259
scrambling,byte,hashed,Done,7744,6451,21,2,472,1
scrambling,bit,hashed,Done,6903,6451,171,19,12184,29
scrambling,byte,array,Done,7830,6501,41,1,154,2
scrambling,bit,linked,Done,7021,6501,158,6,3292,264
scrambling,byte,linked,Done,7832,6501,21,1,120,5
scrambling,bit,array,Done,7080,6501,159,5,3892,14
scrambling,byte,linked,Done,7832,6501,21,0,101,5
scrambling,bit,hashed,Done,7021,6501,163,18,12597,27
scrambling,byte,array,Done,7832,6551,21,1,153,1
scrambling,bit,hashed,Done,7110,6551,166,18,12728,29
scrambling,byte,linked,Done,7830,6551,20,1,100,5
scrambling,bit,array,Done,7170,6551,165,5,3837,17
scrambling,byte,linked,Done,7812,6551,20,1,97,6
scrambling,bit,linked,Done,7050,6551,159,6,3243,263
scrambling,byte,hashed,Done,7920,6601,22,2,473,2
scrambling,bit,linked,Done,7050,6601,169,6,3325,280
scrambling,byte,array,Done,7920,6601,22,1,161,1
scrambling,bit,array,Done,7110,6601,176,5,3972,16
scrambling,byte,array,Done,7921,6601,20,1,160,1
scrambling,bit,linked,Done,7110,6601,176,6,3431,274
scrambling,byte,array,Done,8008,6651,30,1,158,2
scrambling,bit,array,Done,7140,6651,168,5,3901,14
scrambling,byte,array,Done,7998,6651,33,1,151,1
scrambling,bit,array,Done,7140,6651,168,5,3873,14
scrambling,byte,linked,Done,8008,6651,21,1,99,7
scrambling,bit,array,Done,7140,6651,176,5,3902,14
scrambling,byte,linked,Done,8004,6701,22,0,101,6
scrambling,bit,linked,Done,7230,6701,168,6,3578,280
scrambling,byte,linked,Done,8010,6701,27,1,100,6
scrambling,bit,hashed,Done,7198,6701,188,18,12957,30
scrambling,byte,array,Done,8010,6701,33,1,169,1
scrambling,bit,hashed,Done,7170,6701,162,19,13697,35
scrambling,byte,array,Done,8075,6751,56,2,163,1
scrambling,bit,linked,Done,7290,6751,191,6,3582,279
scrambling,byte,linked,Done,8099,6751,22,1,103,6
scrambling,bit,array,Done,7200,6751,152,5,3949,15
scrambling,byte,hashed,Done,8100,6751,21,2,495,46
scrambling,bit,array,Done,7350,6751,170,5,4170,16
scrambling,byte,hashed,Done,8099,6801,42,1,539,2
scrambling,bit,linked,Done,7260,6801,170,6,3632,277
scrambling,byte,array,Done,8084,6801,22,1,180,1
scrambling,bit,array,Done,7381,6801,202,5,4178,18
scrambling,byte,hashed,Done,8096,6801,22,1,507,45
scrambling,bit,hashed,Done,7503,6801,169,18,14223,31
scrambling,byte,array,Done,8190,6851,41,1,167,2
scrambling,bit,linked,Done,7381,6851,172,7,3617,279
scrambling,byte,hashed,Done,8184,6851,22,2,520,65
scrambling,bit,array,Done,7381,6851,165,5,4287,14
scrambling,byte,array,Done,8190,6851,22,1,164,1
scrambling,bit,array,Done,7503,6851,189,6,4197,16
scrambling,byte,hashed,Done,8281,6901,22,2,521,7
scrambling,bit,hashed,Done,7503,6901,204,21,14205,36
scrambling,byte,linked,Done,8281,6901,22,1,114,6
scrambling,bit,array,Done,7347,6901,155,6,4118,16
scrambling,byte,array,Done,8280,6901,22,1,171,1
scrambling,bit,hashed,Done,7442,6901,200,20,14096,34
scrambling,byte,linked,Done,8265,6951,39,1,108,7
scrambling,bit,array,Done,7442,6951,169,5,4123,14
scrambling,byte,array,Done,8277,6951,22,1,160,2
scrambling,bit,array,Done,7471,6951,163,6,4255,14
scrambling,byte,linked,Done,8280,6951,23,1,109,7
scrambling,bit,hashed,Done,7503,6951,165,36,14862,33
scrambling,byte,array,Done,8370,7001,35,1,174,1
scrambling,bit,hashed,Done,7471,7001,180,18,13892,33
scrambling,byte,hashed,Done,8370,7001,22,2,524,2
scrambling,bit,hashed,Done,7503,7001,173,20,14992,38
scrambling,byte,array,Done,8366,7001,24,1,173,2
scrambling,bit,hashed,Done,7595,7001,172,19,14297,34
scrambling,byte,array,Done,8372,7051,42,1,166,1
scrambling,bit,hashed,Done,7533,7051,172,35,14706,36
scrambling,byte,array,Done,8370,7051,22,1,172,1
scrambling,bit,hashed,Done,7626,7051,175,19,14624,39
scrambling,byte,array,Done,8370,7051,22,1,172,2
scrambling,bit,linked,Done,7626,7051,170,7,3981,309
scrambling,byte,hashed,Done,8455,7101,23,2,530,2
scrambling,bit,linked,Done,7626,7101,172,7,3802,312
scrambling,byte,array,Done,8464,7101,29,1,171,2
scrambling,bit,hashed,Done,7564,7101,183,19,14431,32
scrambling,byte,hashed,Done,8464,7101,22,2,526,2
scrambling,bit,hashed,Done,7657,7101,174,20,14621,34
scrambling,byte,array,Done,8536,7151,32,2,173,2
scrambling,bit,hashed,Done,7719,7151,184,21,16825,37
scrambling,byte,array,Done,8550,7151,24,1,185,1
scrambling,bit,array,Done,7657,7151,181,21,4413,17
scrambling,byte,hashed,Done,8556,7151,22,2,537,45
scrambling,bit,linked,Done,7626,7151,185,7,4067,325
scrambling,byte,linked,Done,8556,7201,23,1,115,7
scrambling,bit,linked,Done,7688,7201,190,7,4045,307
scrambling,byte,hashed,Done,8554,7201,23,2,558,2
scrambling,bit,array,Done,7749,7201,205,6,4458,21
scrambling,byte,array,Done,8554,7201,23,1,191,2
scrambling,bit,array,Done,7750,7201,191,6,4549,18
scrambling,byte,hashed,Done,8645,7251,26,2,557,2
scrambling,bit,array,Done,7719,7251,181,6,4602,16
scrambling,byte,hashed,Done,8645,7251,23,2,581,2
scrambling,bit,array,Done,7750,7251,207,6,4432,16
scrambling,byte,array,Done,8649,7251,22,1,190,1
scrambling,bit,array,Done,7749,7251,186,6,4448,16
scrambling,byte,linked,Done,8648,7301,25,1,115,7
scrambling,bit,array,Done,7781,7301,174,6,4515,19
scrambling,byte,hashed,Done,8648,7301,23,2,571,2
scrambling,bit,array,Done,7875,7301,166,6,4636,56
scrambling,byte,hashed,Done,8648,7301,24,2,566,2
scrambling,bit,hashed,Done,7812,7301,178,21,16579,36
scrambling,byte,array,Done,8742,7351,27,1,182,1
scrambling,bit,hashed,Done,8032,7351,195,30,19250,40
scrambling,byte,array,Done,8742,7351,36,0,176,2
scrambling,bit,hashed,Done,7938,7351,185,89,17664,44
scrambling,byte,array,Done,8742,7351,24,1,187,2
scrambling,bit,array,Done,8000,7351,390,6,4640,43
scrambling,byte,array,Done,8827,7401,30,1,190,2
scrambling,bit,hashed,Done,7875,7401,194,22,16849,42
scrambling,byte,array,Done,8836,7401,24,1,185,1
scrambling,bit,hashed,Done,7875,7401,193,38,16486,36
scrambling,byte,linked,Done,8835,7401,37,1,123,8
scrambling,bit,array,Done,8001,7401,185,9,4749,16
scrambling,byte,array,Done,8827,7451,30,1,181,2
scrambling,bit,hashed,Done,8000,7451,176,25,17289,44
scrambling,byte,hashed,Done,8835,7451,34,2,598,2
scrambling,bit,linked,Done,8001,7451,189,7,4308,355
scrambling,byte,hashed,Done,8832,7451,47,2,599,2
scrambling,bit,array,Done,8160,7451,182,6,4926,17
scrambling,byte,hashed,Done,8924,7501,39,3,577,2
scrambling,bit,array,Done,8000,7501,200,6,4689,16
scrambling,byte,array,Done,8930,7501,23,1,184,2
scrambling,bit,array,Done,8096,7501,173,6,5002,17
scrambling,byte,linked,Done,8910,7501,23,1,121,7
scrambling,bit,array,Done,8160,7501,195,6,4975,45
scrambling,byte,array,Done,8930,7551,54,1,187,1
scrambling,bit,linked,Done,8032,7551,198,7,4290,358
scrambling,byte,array,Done,8918,7551,31,1,188,1
scrambling,bit,array,Done,8125,7551,238,6,4848,48
scrambling,byte,hashed,Done,8930,7551,25,2,598,2
scrambling,bit,array,Done,8160,7551,191,5,4838,58
scrambling,byte,linked,Done,9025,7601,34,1,125,8
scrambling,bit,array,Done,8096,7601,180,6,4762,18
scrambling,byte,hashed,Done,9024,7601,34,2,608,2
scrambling,bit,array,Done,8096,7601,229,5,4774,17
scrambling,byte,array,Done,9021,7601,24,1,204,2
scrambling,bit,hashed,Done,8096,7601,171,24,19560,43
scrambling,byte,hashed,Done,9021,7651,40,2,573,2
scrambling,bit,array,Done,8160,7651,188,6,4841,56
scrambling,byte,linked,Done,9021,7651,23,1,123,8
scrambling,bit,array,Done,8127,7651,173,6,5015,45
scrambling,byte,linked,Done,9016,7651,24,0,123,8
scrambling,bit,hashed,Done,8127,7651,184,24,17661,38
scrambling,byte,hashed,Done,9120,7701,27,2,596,2
scrambling,bit,linked,Done,8288,7701,197,8,4507,358
scrambling,byte,array,Done,9114,7701,24,1,196,2
scrambling,bit,array,Done,8224,7701,190,6,4956,45
scrambling,byte,linked,Done,9120,7701,34,1,130,8
scrambling,bit,hashed,Done,8190,7701,184,22,18480,42
scrambling,byte,array,Done,9215,7751,55,1,197,2
scrambling,bit,array,Done,8256,7751,206,6,4976,17
scrambling,byte,array,Done,9212,7751,24,1,191,2
scrambling,bit,linked,Done,8256,7751,194,7,4536,364
scrambling,byte,linked,Done,9216,7751,33,2,129,8
scrambling,bit,hashed,Done,8288,7751,218,26,20091,43
scrambling,byte,linked,Done,9212,7801,28,1,133,9
scrambling,bit,hashed,Done,8288,7801,434,26,21736,46
scrambling,byte,linked,Done,9215,7801,24,1,126,8
scrambling,bit,array,Done,8320,7801,197,6,5016,58
scrambling,byte,hashed,Done,9215,7801,24,2,618,2
scrambling,bit,hashed,Done,8320,7801,198,27,22218,44
scrambling,byte,linked,Done,9310,7851,28,1,129,8
scrambling,bit,array,Done,8384,7851,204,6,5013,60
scrambling,byte,hashed,Done,9282,7851,24,2,612,3
scrambling,bit,linked,Done,8515,7851,204,8,5109,357
scrambling,byte,array,Done,9312,7851,25,1,196,2
scrambling,bit,array,Done,8385,7851,193,6,5350,28
scrambling,byte,array,Done,9312,7901,26,1,246,2
scrambling,bit,array,Done,8613,7901,198,6,5385,19
scrambling,byte,linked,Done,9312,7901,25,1,131,9
scrambling,bit,linked,Done,8385,7901,203,7,4635,407
scrambling,byte,array,Done,9312,7901,30,1,203,2
scrambling,bit,array,Done,8384,7901,411,6,5175,21
scrambling,byte,array,Done,9393,7951,44,1,208,2
scrambling,bit,hashed,Done,8450,7951,197,27,22452,52
scrambling,byte,linked,Done,9408,7951,26,2,140,8
scrambling,bit,hashed,Done,8450,7951,199,34,22513,63
scrambling,byte,linked,Done,9405,7951,26,1,141,8
scrambling,bit,array,Done,8515,7951,187,26,5353,22
scrambling,byte,array,Done,9393,8001,32,1,197,1
scrambling,bit,array,Done,8514,8001,209,6,5334,46
scrambling,byte,linked,Done,9409,8001,27,1,138,8
scrambling,bit,array,Done,8547,8001,201,7,5288,51
scrambling,byte,hashed,Done,9409,8001,25,2,650,2
scrambling,bit,array,Done,8514,8001,199,7,5373,22
scrambling,byte,array,Done,9506,8051,26,1,198,2
scrambling,bit,linked,Done,8646,8051,204,8,5101,404
scrambling,byte,hashed,Done,9500,8051,24,3,628,48
scrambling,bit,hashed,Done,8580,8051,412,27,22703,47
scrambling,byte,array,Done,9506,8051,28,1,204,2
scrambling,bit,linked,Done,8679,8051,196,7,5057,414
scrambling,byte,hashed,Done,9604,8101,28,2,634,2
scrambling,bit,linked,Done,8679,8101,211,8,4995,409
scrambling,byte,array,Done,9603,8101,25,1,210,2
scrambling,bit,array,Done,8613,8101,206,7,5501,32
scrambling,byte,array,Done,9603,8101,38,1,204,2
scrambling,bit,hashed,Done,8613,8101,190,46,25746,60
scrambling,byte,array,Done,9595,8151,39,1,212,2
scrambling,bit,linked,Done,8679,8151,230,9,4938,416
scrambling,byte,hashed,Done,9603,8151,26,2,655,2
scrambling,bit,array,Done,8646,8151,185,6,5521,21
scrambling,byte,hashed,Done,9603,8151,38,2,671,2
scrambling,bit,hashed,Done,8777,8151,209,27,24704,54
scrambling,byte,linked,Done,9696,8201,36,2,139,8
scrambling,bit,hashed,Done,8745,8201,198,38,24409,54
scrambling,byte,hashed,Done,9696,8201,40,3,660,2
scrambling,bit,array,Done,8777,8201,241,6,5669,22
scrambling,byte,array,Done,9700,8201,43,1,211,2
scrambling,bit,array,Done,8844,8201,235,6,5724,25
scrambling,byte,array,Done,9702,8251,26,1,216,2
scrambling,bit,array,Done,8745,8251,220,5,5477,23
scrambling,byte,linked,Done,9700,8251,25,1,141,8
scrambling,bit,linked,Done,8811,8251,204,8,5081,410
scrambling,byte,hashed,Done,9702,8251,26,2,654,2
scrambling,bit,array,Done,8745,8251,198,6,5484,24
scrambling,byte,hashed,Done,9800,8301,32,3,683,2
scrambling,bit,hashed,Done,9010,8301,223,29,26412,52
scrambling,byte,array,Done,9797,8301,26,1,227,2
scrambling,bit,array,Done,8911,8301,209,7,5749,27
scrambling,byte,hashed,Done,9797,8301,25,3,647,2
scrambling,bit,array,Done,8942,8301,214,6,5798,32
scrambling,byte,linked,Done,9800,8351,57,2,142,9
