scrambleMode,nodeMode,matrixMode,lastStep,numBytesIn,numBytesOut,Loading Data,Padding Data,Scrambling,Outputting Scrambled Data,Outputting key
scrambling,byte,hashed,Done,1,9692,6,14,508,4,42
scrambling,bit,hashed,Done,1,1212,1,58,441,3,17
scrambling,byte,linked,Done,1,9740,7,8,151,2,18
scrambling,bit,linked,Done,1,1264,1,3,105,2,17
scrambling,byte,array,Done,1,9740,1,48,180,3,18
scrambling,bit,array,Done,1,1240,1,1,144,2,16
scrambling,byte,hashed,Done,51,10560,1,2,698,1,17
scrambling,bit,hashed,Done,51,1760,1,93,778,2,23
scrambling,byte,linked,Done,51,10456,1,2,106,1,18
scrambling,bit,linked,Done,51,1840,0,2,189,1,24
scrambling,byte,array,Done,51,10456,0,19,188,1,19
scrambling,bit,array,Done,51,1744,0,1,248,2,22
scrambling,byte,hashed,Done,101,11284,0,2,545,1,19
scrambling,bit,hashed,Done,101,704,1,1,183,0,10
scrambling,byte,linked,Done,101,11024,0,1,120,0,18
scrambling,bit,linked,Done,101,680,0,1,43,0,10
scrambling,byte,array,Done,101,11276,0,1,176,1,19
scrambling,bit,array,Done,101,680,3,2,60,1,10
scrambling,byte,hashed,Done,151,11716,1,2,542,2,19
scrambling,bit,hashed,Done,151,840,0,2,229,1,12
scrambling,byte,linked,Done,151,11620,1,1,127,0,19
scrambling,bit,linked,Done,151,844,1,16,48,1,11
scrambling,byte,array,Done,151,11776,0,1,185,2,18
scrambling,bit,array,Done,151,812,0,1,76,1,11
scrambling,byte,hashed,Done,201,12224,1,2,596,2,18
scrambling,bit,hashed,Done,201,588,1,1,139,1,8
scrambling,byte,linked,Done,201,12276,0,1,147,1,20
scrambling,bit,linked,Done,201,588,1,0,29,1,8
scrambling,byte,array,Done,201,12224,0,1,203,2,19
scrambling,bit,array,Done,201,600,2,3,53,1,9
scrambling,byte,hashed,Done,251,12668,0,3,648,2,19
scrambling,bit,hashed,Done,251,652,1,1,173,1,9
scrambling,byte,linked,Done,251,12556,1,1,150,1,21
scrambling,bit,linked,Done,251,644,1,0,33,0,9
scrambling,byte,array,Done,251,12580,0,1,216,2,19
scrambling,bit,array,Done,251,736,1,1,67,1,11
scrambling,byte,hashed,Done,301,13068,1,2,699,2,19
scrambling,bit,hashed,Done,301,608,1,0,155,1,8
scrambling,byte,linked,Done,301,13068,0,1,155,1,22
scrambling,bit,linked,Done,301,672,0,1,35,1,10
scrambling,byte,array,Done,301,12984,1,1,232,1,23
scrambling,bit,array,Done,301,632,1,1,53,1,9
scrambling,byte,hashed,Done,351,13392,1,2,749,2,20
scrambling,bit,hashed,Done,351,660,0,1,167,1,10
scrambling,byte,linked,Done,351,13460,0,2,164,1,20
scrambling,bit,linked,Done,351,640,1,27,61,1,9
scrambling,byte,array,Done,351,13104,0,1,228,1,20
scrambling,bit,array,Done,351,672,0,1,59,1,9
scrambling,byte,hashed,Done,401,13872,0,3,762,1,21
scrambling,bit,hashed,Done,401,728,5,3,225,1,9
scrambling,byte,linked,Done,401,13872,0,1,175,1,22
scrambling,bit,linked,Done,401,716,1,0,37,0,10
scrambling,byte,array,Done,401,13612,0,1,254,1,22
scrambling,bit,array,Done,401,736,4,2,84,1,10
scrambling,byte,hashed,Done,451,14124,0,3,771,1,21
scrambling,bit,hashed,Done,451,804,5,0,225,1,11
scrambling,byte,linked,Done,451,14112,0,1,178,1,22
scrambling,bit,linked,Done,451,796,1,1,43,1,10
scrambling,byte,array,Done,451,14136,1,1,256,1,22
scrambling,bit,array,Done,451,852,0,1,89,1,12
scrambling,byte,hashed,Done,501,14400,0,2,919,4,21
scrambling,bit,hashed,Done,501,924,1,1,274,1,11
scrambling,byte,linked,Done,501,14388,0,1,184,0,23
scrambling,bit,linked,Done,501,888,4,2,70,1,12
scrambling,byte,array,Done,501,14420,0,1,266,1,25
scrambling,bit,array,Done,501,888,1,0,88,1,12
scrambling,byte,hashed,Done,551,14696,0,2,805,1,22
scrambling,bit,hashed,Done,551,924,1,1,283,1,12
scrambling,byte,linked,Done,551,14680,0,1,188,1,23
scrambling,bit,linked,Done,551,912,1,1,58,0,12
scrambling,byte,array,Done,551,14668,0,1,262,1,23
scrambling,bit,array,Done,551,940,1,0,96,1,13
scrambling,byte,hashed,Done,601,15124,1,2,849,1,22
scrambling,bit,hashed,Done,601,988,2,1,308,1,12
scrambling,byte,linked,Done,601,15096,1,1,199,0,24
scrambling,bit,linked,Done,601,1016,1,0,74,0,14
scrambling,byte,array,Done,601,14976,1,2,293,1,24
scrambling,bit,array,Done,601,1028,0,1,110,1,14
scrambling,byte,hashed,Done,651,15336,1,2,877,1,22
scrambling,bit,hashed,Done,651,1064,1,1,355,1,12
scrambling,byte,linked,Done,651,15408,0,1,203,0,24
scrambling,bit,linked,Done,651,1068,3,2,98,0,14
scrambling,byte,array,Done,651,15312,1,1,298,1,25
scrambling,bit,array,Done,651,1096,1,0,118,1,14
scrambling,byte,hashed,Done,701,4916,0,1,153,1,9
scrambling,bit,hashed,Done,701,1148,1,3,387,1,15
scrambling,byte,linked,Done,701,4960,1,2,45,1,8
scrambling,bit,linked,Done,701,1264,1,0,93,1,16
scrambling,byte,array,Done,701,4956,0,1,58,1,8
scrambling,bit,array,Done,701,1136,1,0,127,1,15
scrambling,byte,hashed,Done,751,5092,1,0,161,1,9
scrambling,bit,hashed,Done,751,1276,1,1,452,1,17
scrambling,byte,linked,Done,751,5020,0,1,31,0,9
scrambling,bit,linked,Done,751,1276,1,0,97,0,17
scrambling,byte,array,Done,751,4964,0,1,53,1,10
scrambling,bit,array,Done,751,1248,1,0,149,1,16
scrambling,byte,hashed,Done,801,5272,1,30,202,1,9
scrambling,bit,hashed,Done,801,1292,2,1,459,2,15
scrambling,byte,linked,Done,801,5280,1,0,34,0,13
scrambling,bit,linked,Done,801,1320,1,0,102,1,17
scrambling,byte,array,Done,801,5228,0,1,56,1,9
scrambling,bit,array,Done,801,1320,1,4,166,1,18
scrambling,byte,hashed,Done,851,5452,1,1,181,1,9
scrambling,bit,hashed,Done,851,1472,2,2,589,1,18
scrambling,byte,linked,Done,851,5452,1,0,36,0,10
scrambling,bit,linked,Done,851,1380,1,1,108,1,17
scrambling,byte,array,Done,851,5460,0,1,58,0,10
scrambling,bit,array,Done,851,1380,1,1,164,1,18
scrambling,byte,hashed,Done,901,5632,0,1,191,1,10
scrambling,bit,hashed,Done,901,1520,2,1,599,49,53
scrambling,byte,linked,Done,901,5632,1,0,51,0,10
scrambling,bit,linked,Done,901,1444,1,1,118,1,18
scrambling,byte,array,Done,901,5624,0,0,62,0,11
scrambling,bit,array,Done,901,1504,1,0,191,1,19
scrambling,byte,hashed,Done,951,5624,1,1,184,1,9
scrambling,bit,hashed,Done,951,1504,3,0,577,1,17
scrambling,byte,linked,Done,951,5696,0,1,38,0,10
scrambling,bit,linked,Done,951,1600,1,1,147,1,20
scrambling,byte,array,Done,951,5704,1,0,60,1,10
scrambling,bit,array,Done,951,1504,1,1,188,1,19
scrambling,byte,hashed,Done,1001,5856,1,1,210,0,10
scrambling,bit,hashed,Done,1001,1568,2,1,648,1,18
scrambling,byte,linked,Done,1001,5888,0,1,37,0,10
scrambling,bit,linked,Done,1001,1600,1,1,146,1,18
scrambling,byte,array,Done,1001,5896,0,1,66,1,10
scrambling,bit,array,Done,1001,1568,1,1,202,1,20
scrambling,byte,hashed,Done,1051,5976,1,1,194,0,11
scrambling,bit,hashed,Done,1051,1768,2,3,790,1,20
scrambling,byte,linked,Done,1051,5984,0,0,40,0,10
scrambling,bit,linked,Done,1051,1788,1,1,168,1,21
scrambling,byte,array,Done,1051,5980,2,2,103,1,10
scrambling,bit,array,Done,1051,1752,1,0,238,1,22
scrambling,byte,hashed,Done,1101,6156,1,37,253,1,10
scrambling,bit,hashed,Done,1101,1768,2,1,776,1,20
scrambling,byte,linked,Done,1101,6080,0,0,48,0,10
scrambling,bit,linked,Done,1101,1716,1,0,157,0,20
scrambling,byte,array,Done,1101,6144,0,1,69,0,11
scrambling,bit,array,Done,1101,1768,1,0,242,1,22
scrambling,byte,hashed,Done,1151,6136,1,39,248,1,10
scrambling,bit,hashed,Done,1151,1788,2,1,777,2,20
scrambling,byte,linked,Done,1151,6256,2,3,77,0,11
scrambling,bit,linked,Done,1151,1788,1,3,164,0,22
scrambling,byte,array,Done,1151,6248,2,1,68,1,11
scrambling,bit,array,Done,1151,1788,1,0,243,2,23
scrambling,byte,hashed,Done,1201,6320,0,1,241,1,10
scrambling,bit,hashed,Done,1201,2072,2,2,1096,2,26
scrambling,byte,linked,Done,1201,6400,0,1,46,0,11
scrambling,bit,linked,Done,1201,1944,1,1,202,1,22
scrambling,byte,array,Done,1201,6424,1,0,76,0,10
scrambling,bit,array,Done,1201,1872,3,11,292,2,24
scrambling,byte,hashed,Done,1251,6512,0,1,235,1,11
scrambling,bit,hashed,Done,1251,2000,3,0,976,2,24
scrambling,byte,linked,Done,1251,6532,2,2,45,1,11
scrambling,bit,linked,Done,1251,1980,1,1,200,1,25
scrambling,byte,array,Done,1251,6532,0,1,78,1,12
scrambling,bit,array,Done,1251,2016,1,0,303,2,24
scrambling,byte,hashed,Done,1301,6688,1,1,245,1,11
scrambling,bit,hashed,Done,1301,2016,2,1,955,81,63
scrambling,byte,linked,Done,1301,6720,2,3,76,1,11
scrambling,bit,linked,Done,1301,2052,1,1,213,1,26
scrambling,byte,array,Done,1301,6676,1,0,81,1,11
scrambling,bit,array,Done,1301,2056,1,1,313,1,26
scrambling,byte,hashed,Done,1351,6816,3,5,268,1,11
scrambling,bit,hashed,Done,1351,2072,2,1,1008,1,25
scrambling,byte,linked,Done,1351,6800,2,3,82,0,12
scrambling,bit,linked,Done,1351,2204,1,1,249,1,27
scrambling,byte,array,Done,1351,6800,1,4,80,0,12
scrambling,bit,array,Done,1351,2112,1,1,323,1,26
scrambling,byte,hashed,Done,1401,4032,2,3,140,0,7
scrambling,bit,hashed,Done,1401,2168,3,1,1074,2,26
scrambling,byte,linked,Done,1401,4036,1,0,21,0,7
scrambling,bit,linked,Done,1401,2360,2,0,274,1,30
scrambling,byte,array,Done,1401,4028,1,1,46,0,8
scrambling,bit,array,Done,1401,2148,1,1,331,1,28
scrambling,byte,hashed,Done,1451,4160,2,3,114,1,7
scrambling,bit,hashed,Done,1451,2300,6,1,1228,2,28
scrambling,byte,linked,Done,1451,4116,0,1,21,0,8
scrambling,bit,linked,Done,1451,2380,1,1,290,1,32
scrambling,byte,array,Done,1451,4148,1,0,40,1,7
scrambling,bit,array,Done,1451,2280,1,1,361,57,41
scrambling,byte,hashed,Done,1501,4232,2,4,130,1,7
scrambling,bit,hashed,Done,1501,2320,3,1,1244,2,29
scrambling,byte,linked,Done,1501,4256,0,1,30,0,8
scrambling,bit,linked,Done,1501,2300,2,1,266,1,30
scrambling,byte,array,Done,1501,4232,1,1,39,1,7
scrambling,bit,array,Done,1501,2340,2,0,386,1,30
scrambling,byte,hashed,Done,1551,4328,3,3,142,1,8
scrambling,bit,hashed,Done,1551,2480,3,1,1358,114,69
scrambling,byte,linked,Done,1551,4312,2,1,24,0,8
scrambling,bit,linked,Done,1551,2436,1,0,298,1,30
scrambling,byte,array,Done,1551,4320,0,1,41,0,8
scrambling,bit,array,Done,1551,2420,2,1,402,2,33
scrambling,byte,hashed,Done,1601,4476,3,0,125,1,8
scrambling,bit,hashed,Done,1601,2496,4,0,1423,2,31
scrambling,byte,linked,Done,1601,4480,2,33,40,1,8
scrambling,bit,linked,Done,1601,2520,2,4,307,1,33
scrambling,byte,array,Done,1601,4464,2,2,76,1,8
scrambling,bit,array,Done,1601,2440,1,1,403,2,30
scrambling,byte,hashed,Done,1651,4560,3,3,175,0,8
scrambling,bit,hashed,Done,1651,2524,4,1,1358,2,31
scrambling,byte,linked,Done,1651,4560,0,1,24,1,8
scrambling,bit,linked,Done,1651,2564,2,0,322,1,34
scrambling,byte,array,Done,1651,4560,6,1,45,1,8
scrambling,bit,array,Done,1651,2500,1,0,425,1,31
scrambling,byte,hashed,Done,1701,4640,0,1,136,1,8
scrambling,bit,hashed,Done,1701,2604,4,1,1437,2,32
scrambling,byte,linked,Done,1701,4636,2,32,66,0,8
scrambling,bit,linked,Done,1701,2584,1,1,330,1,34
scrambling,byte,array,Done,1701,4640,2,3,49,1,9
scrambling,bit,array,Done,1701,2604,2,0,456,1,33
scrambling,byte,hashed,Done,1751,4696,1,0,145,0,8
scrambling,bit,hashed,Done,1751,2648,3,1,1489,2,33
scrambling,byte,linked,Done,1751,4720,2,32,67,0,9
scrambling,bit,linked,Done,1751,2688,1,1,359,1,42
scrambling,byte,array,Done,1751,4720,3,2,48,1,8
scrambling,bit,array,Done,1751,2728,2,0,488,2,35
scrambling,byte,hashed,Done,1801,4768,1,1,154,0,8
scrambling,bit,hashed,Done,1801,2728,4,0,1591,55,64
scrambling,byte,linked,Done,1801,4788,0,1,36,0,9
scrambling,bit,linked,Done,1801,2752,1,1,378,1,38
scrambling,byte,array,Done,1801,4768,2,2,74,1,8
scrambling,bit,array,Done,1801,2772,1,1,488,7,34
scrambling,byte,hashed,Done,1851,4952,1,1,159,1,8
scrambling,bit,hashed,Done,1851,2796,4,1,1746,3,35
scrambling,byte,linked,Done,1851,4964,2,3,63,1,8
scrambling,bit,linked,Done,1851,2860,1,1,396,1,39
scrambling,byte,array,Done,1851,4964,2,38,53,0,9
scrambling,bit,array,Done,1851,2880,2,0,531,60,73
scrambling,byte,hashed,Done,1901,5004,4,3,186,1,8
scrambling,bit,hashed,Done,1901,2856,5,0,1745,2,36
scrambling,byte,linked,Done,1901,5044,2,3,31,1,8
scrambling,bit,linked,Done,1901,2904,1,1,413,43,73
scrambling,byte,array,Done,1901,5036,2,2,86,0,9
scrambling,bit,array,Done,1901,2860,1,1,522,2,38
scrambling,byte,hashed,Done,1951,5124,3,3,191,1,8
scrambling,bit,hashed,Done,1951,2924,6,1,1882,2,37
scrambling,byte,linked,Done,1951,5120,1,0,43,0,305
scrambling,bit,linked,Done,1951,2972,2,1,422,1,41
scrambling,byte,array,Done,1951,5116,2,2,91,1,9
scrambling,bit,array,Done,1951,2948,1,1,544,2,41
scrambling,byte,hashed,Done,2001,5208,4,3,196,1,9
scrambling,bit,hashed,Done,2001,3040,4,1,2154,2,39
scrambling,byte,linked,Done,2001,5200,0,1,39,1,8
scrambling,bit,linked,Done,2001,3040,2,1,442,1,41
scrambling,byte,array,Done,2001,5200,1,0,59,0,9
scrambling,bit,array,Done,2001,3040,2,0,587,2,40
scrambling,byte,hashed,Done,2051,5280,1,0,172,1,8
scrambling,bit,hashed,Done,2051,3108,4,1,2106,2,40
scrambling,byte,linked,Done,2051,5288,1,0,34,1,9
scrambling,bit,linked,Done,2051,3084,2,1,451,1,42
scrambling,byte,array,Done,2051,5244,0,0,57,1,9
scrambling,bit,array,Done,2051,3084,2,0,589,2,40
scrambling,byte,hashed,Done,2101,4332,1,0,129,1,8
scrambling,bit,hashed,Done,2101,3176,5,1,2425,3,41
scrambling,byte,linked,Done,2101,4328,7,25,36,1,9
scrambling,bit,linked,Done,2101,3360,2,1,531,2,46
scrambling,byte,array,Done,2101,4320,0,1,49,0,8
scrambling,bit,array,Done,2101,3196,1,1,627,2,42
scrambling,byte,hashed,Done,2151,4408,1,1,142,0,9
scrambling,bit,hashed,Done,2151,3220,9,1,2380,2,42
scrambling,byte,linked,Done,2151,4400,3,1,64,0,8
scrambling,bit,linked,Done,2151,3220,2,0,489,1,44
scrambling,byte,array,Done,2151,4408,1,0,46,1,7
scrambling,bit,array,Done,2151,3316,2,0,673,1,44
scrambling,byte,hashed,Done,2201,4484,3,3,165,1,7
scrambling,bit,hashed,Done,2201,3288,5,1,2543,3,44
scrambling,byte,linked,Done,2201,4488,0,1,24,1,8
scrambling,bit,linked,Done,2201,3336,2,1,522,1,46
scrambling,byte,array,Done,2201,4480,1,0,65,0,8
scrambling,bit,array,Done,2201,3316,2,0,687,2,45
scrambling,byte,hashed,Done,2251,4556,0,34,148,0,8
scrambling,bit,hashed,Done,2251,3360,4,2,2631,3,43
scrambling,byte,linked,Done,2251,4564,2,1,63,1,8
scrambling,bit,linked,Done,2251,3360,3,0,535,1,47
scrambling,byte,array,Done,2251,4556,1,24,44,0,9
scrambling,bit,array,Done,2251,3432,1,1,707,2,47
scrambling,byte,hashed,Done,2301,4644,3,3,180,1,8
scrambling,bit,hashed,Done,2301,3552,5,2,3009,3,46
scrambling,byte,linked,Done,2301,4644,2,2,58,1,8
scrambling,bit,linked,Done,2301,3504,2,1,567,1,49
scrambling,byte,array,Done,2301,4632,1,0,50,1,7
scrambling,bit,array,Done,2301,3432,2,0,712,2,47
scrambling,byte,hashed,Done,2351,4704,2,1,156,1,8
scrambling,bit,hashed,Done,2351,3504,5,1,2871,2,46
scrambling,byte,linked,Done,2351,4720,0,1,35,1,9
scrambling,bit,linked,Done,2351,3504,2,1,575,1,48
scrambling,byte,array,Done,2351,4720,0,1,58,1,8
scrambling,bit,array,Done,2351,3528,2,1,738,2,47
scrambling,byte,hashed,Done,2401,4800,4,2,154,1,8
scrambling,bit,hashed,Done,2401,3576,5,1,2689,3,47
scrambling,byte,linked,Done,2401,4788,1,0,30,1,8
scrambling,bit,linked,Done,2401,3604,13,2,612,1,51
scrambling,byte,array,Done,2401,4768,3,31,51,1,8
scrambling,bit,array,Done,2401,3604,2,0,764,2,50
scrambling,byte,hashed,Done,2451,4956,3,2,151,0,8
scrambling,bit,hashed,Done,2451,3700,5,2,3208,3,49
scrambling,byte,linked,Done,2451,4964,1,0,31,1,9
scrambling,bit,linked,Done,2451,3828,2,1,653,1,53
scrambling,byte,array,Done,2451,4956,1,0,55,1,9
scrambling,bit,array,Done,2451,3752,3,0,841,2,49
scrambling,byte,hashed,Done,2501,5016,3,3,189,1,8
scrambling,bit,hashed,Done,2501,3800,5,1,2930,3,50
scrambling,byte,linked,Done,2501,5036,1,0,44,1,9
scrambling,bit,linked,Done,2501,3800,2,0,647,58,63
scrambling,byte,array,Done,2501,5044,1,0,54,1,9
scrambling,bit,array,Done,2501,3700,2,1,786,2,51
scrambling,byte,hashed,Done,2551,5124,2,35,215,0,10
scrambling,bit,hashed,Done,2551,3828,5,2,3470,3,51
scrambling,byte,linked,Done,2551,5080,0,1,35,1,9
scrambling,bit,linked,Done,2551,3900,2,1,711,1,60
scrambling,byte,array,Done,2551,5116,2,2,59,0,10
scrambling,bit,array,Done,2551,3800,2,0,838,2,53
scrambling,byte,hashed,Done,2601,5120,0,1,166,0,9
scrambling,bit,hashed,Done,2601,3852,7,1,3411,4,51
scrambling,byte,linked,Done,2601,5116,2,31,36,1,9
scrambling,bit,linked,Done,2601,3848,2,1,694,1,58
scrambling,byte,array,Done,2601,5120,3,30,66,1,9
scrambling,bit,array,Done,2601,3952,2,0,910,2,54
scrambling,byte,hashed,Done,2651,5208,4,3,205,1,9
scrambling,bit,hashed,Done,2651,3928,7,1,3439,3,53
scrambling,byte,linked,Done,2651,5208,2,2,31,1,9
scrambling,bit,linked,Done,2651,3928,3,1,703,1,55
scrambling,byte,array,Done,2651,5208,3,1,90,1,10
scrambling,bit,array,Done,2651,4080,2,0,972,2,56
scrambling,byte,hashed,Done,2701,5292,2,0,201,0,10
scrambling,bit,hashed,Done,2701,3980,7,1,3477,3,52
scrambling,byte,linked,Done,2701,5272,3,1,71,0,10
scrambling,bit,linked,Done,2701,4080,2,1,718,1,58
scrambling,byte,array,Done,2701,5272,2,31,105,1,9
scrambling,bit,array,Done,2701,4028,2,0,924,2,54
scrambling,byte,hashed,Done,2751,5352,1,1,189,0,10
scrambling,bit,hashed,Done,2751,4136,6,2,3103,3,56
scrambling,byte,linked,Done,2751,5376,2,22,68,1,9
scrambling,bit,linked,Done,2751,4136,2,1,768,1,58
scrambling,byte,array,Done,2751,5376,1,0,64,1,9
scrambling,bit,array,Done,2751,4136,2,1,962,3,58
scrambling,byte,hashed,Done,2801,5044,0,33,167,1,9
scrambling,bit,hashed,Done,2801,4216,7,2,3424,3,57
scrambling,byte,linked,Done,2801,5044,3,22,33,1,8
scrambling,bit,linked,Done,2801,4188,2,1,794,1,61
scrambling,byte,array,Done,2801,5040,3,2,88,1,9
scrambling,bit,array,Done,2801,4240,2,1,1023,2,60
scrambling,byte,hashed,Done,2851,5124,5,2,190,1,9
scrambling,bit,hashed,Done,2851,4216,7,1,3230,4,56
scrambling,byte,linked,Done,2851,5092,1,1,44,1,9
scrambling,bit,linked,Done,2851,4456,3,24,892,2,64
scrambling,byte,array,Done,2851,5124,1,1,69,1,10
scrambling,bit,array,Done,2851,4320,2,1,1032,3,58
scrambling,byte,hashed,Done,2901,5208,4,2,197,0,9
scrambling,bit,hashed,Done,2901,4320,6,2,3412,3,58
scrambling,byte,linked,Done,2901,5200,2,3,65,0,9
scrambling,bit,linked,Done,2901,4400,2,1,856,2,63
scrambling,byte,array,Done,2901,5208,2,2,86,0,9
scrambling,bit,array,Done,2901,4264,3,0,1028,76,81
scrambling,byte,hashed,Done,2951,5260,1,0,181,1,9
scrambling,bit,hashed,Done,2951,4428,7,18,3941,4,58
scrambling,byte,linked,Done,2951,5292,0,30,62,0,9
scrambling,bit,linked,Done,2951,4376,3,2,828,51,69
scrambling,byte,array,Done,2951,5292,3,2,84,1,9
scrambling,bit,array,Done,2951,4376,3,0,1068,2,59
scrambling,byte,hashed,Done,3001,5376,1,0,180,1,9
scrambling,bit,hashed,Done,3001,4428,7,2,3533,4,59
scrambling,byte,linked,Done,3001,5376,3,33,69,0,9
scrambling,bit,linked,Done,3001,4424,2,1,849,1,63
scrambling,byte,array,Done,3001,5360,0,1,71,1,9
scrambling,bit,array,Done,3001,4676,3,0,1178,3,65
scrambling,byte,hashed,Done,3051,5464,1,34,185,1,9
scrambling,bit,hashed,Done,3051,4536,8,2,3759,3,62
scrambling,byte,linked,Done,3051,5464,1,40,70,0,10
scrambling,bit,linked,Done,3051,4540,3,1,921,1,65
scrambling,byte,array,Done,3051,5456,1,0,64,0,10
scrambling,bit,array,Done,3051,4536,2,1,1125,2,63
scrambling,byte,hashed,Done,3101,5540,2,0,211,1,10
scrambling,bit,hashed,Done,3101,4592,7,1,3818,6,64
scrambling,byte,linked,Done,3101,5540,0,1,33,1,9
scrambling,bit,linked,Done,3101,4620,2,2,925,1,63
scrambling,byte,array,Done,3101,5548,1,1,60,0,10
scrambling,bit,array,Done,3101,4564,2,1,1154,2,64
scrambling,byte,hashed,Done,3151,5600,4,27,213,1,10
scrambling,bit,hashed,Done,3151,4648,8,1,3811,3,64
scrambling,byte,linked,Done,3151,5636,3,32,72,0,10
scrambling,bit,linked,Done,3151,4620,2,1,1065,2,74
scrambling,byte,array,Done,3151,5612,3,1,93,1,9
scrambling,bit,array,Done,3151,4620,3,0,1190,2,68
scrambling,byte,hashed,Done,3201,5720,1,0,202,0,11
scrambling,bit,hashed,Done,3201,4704,8,1,3989,4,64
scrambling,byte,linked,Done,3201,5704,1,0,48,1,9
scrambling,bit,linked,Done,3201,4760,3,2,1001,2,69
scrambling,byte,array,Done,3201,5720,2,0,76,1,10
scrambling,bit,array,Done,3201,4760,7,1,1235,2,69
scrambling,byte,hashed,Done,3251,5808,4,0,214,1,10
scrambling,bit,hashed,Done,3251,4760,7,1,4214,4,66
scrambling,byte,linked,Done,3251,5808,1,0,37,0,10
scrambling,bit,linked,Done,3251,4788,3,2,1003,1,69
scrambling,byte,array,Done,3251,5808,0,1,66,0,11
scrambling,bit,array,Done,3251,4760,3,0,1208,71,69
scrambling,byte,hashed,Done,3301,5808,1,0,222,0,12
scrambling,bit,hashed,Done,3301,4872,8,2,4314,4,69
scrambling,byte,linked,Done,3301,5804,0,1,40,1,10
scrambling,bit,linked,Done,3301,4844,3,2,1024,1,70
scrambling,byte,array,Done,3301,5804,0,1,65,1,10
scrambling,bit,array,Done,3301,4988,3,0,1356,2,70
scrambling,byte,hashed,Done,3351,5896,1,0,205,1,9
scrambling,bit,hashed,Done,3351,4988,8,1,4567,5,67
scrambling,byte,linked,Done,3351,5896,0,1,37,1,10
scrambling,bit,linked,Done,3351,4988,3,3,1067,2,71
scrambling,byte,array,Done,3351,5896,0,1,64,0,10
scrambling,bit,array,Done,3351,4900,3,1,1286,3,68
scrambling,byte,hashed,Done,3401,5988,1,0,215,0,11
scrambling,bit,hashed,Done,3401,5136,16,1,4764,4,72
scrambling,byte,linked,Done,3401,5988,0,1,41,0,11
scrambling,bit,linked,Done,3401,4988,3,1,1111,2,72
scrambling,byte,array,Done,3401,5980,1,0,69,0,11
scrambling,bit,array,Done,3401,4956,3,0,1336,2,70
scrambling,byte,hashed,Done,3451,6076,1,0,221,1,11
scrambling,bit,hashed,Done,3451,5104,10,2,4847,4,67
scrambling,byte,linked,Done,3451,6072,1,1,45,1,12
scrambling,bit,linked,Done,3451,5220,3,1,1192,1,75
scrambling,byte,array,Done,3451,6072,2,2,102,1,10
scrambling,bit,array,Done,3451,5104,3,6,1366,2,72
scrambling,byte,hashed,Done,3501,6072,1,1,223,1,10
scrambling,bit,hashed,Done,3501,5104,37,2,4439,4,69
scrambling,byte,linked,Done,3501,6072,1,0,40,0,10
scrambling,bit,linked,Done,3501,5104,3,1,1117,1,73
scrambling,byte,array,Done,3501,6076,3,1,81,0,11
scrambling,bit,array,Done,3501,5104,3,0,1376,2,71
scrambling,byte,hashed,Done,3551,6164,5,2,240,0,11
scrambling,bit,hashed,Done,3551,5224,19,1,4852,76,93
scrambling,byte,linked,Done,3551,6160,3,2,59,0,11
scrambling,bit,linked,Done,3551,5252,3,2,1215,2,79
scrambling,byte,array,Done,3551,6168,3,1,101,1,10
scrambling,bit,array,Done,3551,5192,3,1,1419,3,71
scrambling,byte,hashed,Done,3601,6256,1,1,248,1,11
scrambling,bit,hashed,Done,3601,5612,9,1,5223,4,76
scrambling,byte,linked,Done,3601,6248,1,0,57,0,11
scrambling,bit,linked,Done,3601,5460,9,2,1299,2,80
scrambling,byte,array,Done,3601,6256,3,32,81,0,11
scrambling,bit,array,Done,3601,5252,2,27,1464,3,73
scrambling,byte,hashed,Done,3651,6256,2,32,252,1,9
scrambling,bit,hashed,Done,3651,5460,8,2,5484,4,76
scrambling,byte,linked,Done,3651,6256,4,2,73,1,10
scrambling,bit,linked,Done,3651,5368,3,1,1203,2,78
scrambling,byte,array,Done,3651,6248,1,1,92,1,11
scrambling,bit,array,Done,3651,5460,3,0,1550,3,76
scrambling,byte,hashed,Done,3701,6316,5,26,245,0,11
scrambling,bit,hashed,Done,3701,5428,9,1,5011,41,109
scrambling,byte,linked,Done,3701,6344,1,1,54,0,12
scrambling,bit,linked,Done,3701,5428,3,2,1266,1,78
scrambling,byte,array,Done,3701,6348,3,1,105,1,11
scrambling,bit,array,Done,3701,5460,3,0,1547,3,77
scrambling,byte,hashed,Done,3751,6440,5,2,281,1,12
scrambling,bit,hashed,Done,3751,5584,10,1,5156,5,77
scrambling,byte,linked,Done,3751,6432,1,0,48,0,11
scrambling,bit,linked,Done,3751,5460,3,1,1246,1,80
scrambling,byte,array,Done,3751,6432,1,1,81,1,10
scrambling,bit,array,Done,3751,5460,3,0,1551,51,86
scrambling,byte,hashed,Done,3801,6532,1,1,248,1,12
scrambling,bit,hashed,Done,3801,5552,8,1,5187,5,80
scrambling,byte,linked,Done,3801,6536,3,2,95,1,11
scrambling,bit,linked,Done,3801,5520,3,1,1334,53,87
scrambling,byte,array,Done,3801,6536,0,1,81,1,11
scrambling,bit,array,Done,3801,5584,3,1,1622,3,79
scrambling,byte,hashed,Done,3851,6628,6,50,291,0,12
scrambling,bit,hashed,Done,3851,5612,8,1,5383,4,77
scrambling,byte,linked,Done,3851,6620,1,1,60,0,11
scrambling,bit,linked,Done,3851,5676,11,2,1374,2,77
scrambling,byte,array,Done,3851,6624,0,1,82,1,11
scrambling,bit,array,Done,3851,5612,2,1,1582,73,79
scrambling,byte,hashed,Done,3901,6628,1,0,266,1,11
scrambling,bit,hashed,Done,3901,5676,9,1,5452,6,80
scrambling,byte,linked,Done,3901,6624,7,18,61,1,10
scrambling,bit,linked,Done,3901,5676,10,3,1351,1,77
scrambling,byte,array,Done,3901,6628,1,34,118,0,12
scrambling,bit,array,Done,3901,5856,3,1,1705,3,83
scrambling,byte,hashed,Done,3951,6724,2,1,260,0,12
scrambling,bit,hashed,Done,3951,5828,9,1,5338,4,78
scrambling,byte,linked,Done,3951,6720,1,0,65,0,12
scrambling,bit,linked,Done,3951,5828,4,1,1397,2,82
scrambling,byte,array,Done,3951,6720,3,33,114,1,11
scrambling,bit,array,Done,3951,5736,4,2,1624,3,75
scrambling,byte,hashed,Done,4001,6816,1,1,247,0,11
scrambling,bit,hashed,Done,4001,5828,24,3,5315,5,77
scrambling,byte,linked,Done,4001,6792,1,29,64,0,11
scrambling,bit,linked,Done,4001,6080,3,1,1491,2,85
scrambling,byte,array,Done,4001,6816,1,0,82,1,11
scrambling,bit,array,Done,4001,5828,4,0,1681,50,79
scrambling,byte,hashed,Done,4051,6908,1,33,301,1,12
scrambling,bit,hashed,Done,4051,5956,18,1,5544,4,80
scrambling,byte,linked,Done,4051,6912,0,1,59,1,11
scrambling,bit,linked,Done,4051,5892,3,2,1435,2,84
scrambling,byte,array,Done,4051,6864,1,0,79,1,11
scrambling,bit,array,Done,4051,5956,15,0,1733,3,82
scrambling,byte,hashed,Done,4101,7008,1,1,244,1,11
scrambling,bit,hashed,Done,4101,6112,9,2,5912,5,83
scrambling,byte,linked,Done,4101,6992,1,1,66,0,12
scrambling,bit,linked,Done,4101,6080,3,2,1545,2,87
scrambling,byte,array,Done,4101,6992,0,1,91,1,12
scrambling,bit,array,Done,4101,5956,4,0,1717,3,81
scrambling,byte,hashed,Done,4151,7008,1,1,259,64,19
scrambling,bit,hashed,Done,4151,6080,10,1,5701,4,83
scrambling,byte,linked,Done,4151,7008,1,1,67,1,11
scrambling,bit,linked,Done,4151,6240,4,7,1542,1,102
scrambling,byte,array,Done,4151,7008,3,1,118,0,12
scrambling,bit,array,Done,4151,6076,3,1,1801,3,82
scrambling,byte,hashed,Done,4201,6992,1,1,272,1,12
scrambling,bit,hashed,Done,4201,6112,11,1,6084,6,88
scrambling,byte,linked,Done,4201,7000,3,2,88,0,12
scrambling,bit,linked,Done,4201,6176,11,1,1608,2,89
scrambling,byte,array,Done,4201,7000,4,1,98,1,12
scrambling,bit,array,Done,4201,6080,6,1,1843,3,81
scrambling,byte,hashed,Done,4251,7108,5,0,268,1,11
scrambling,bit,hashed,Done,4251,6208,10,1,6277,5,83
scrambling,byte,linked,Done,4251,7108,1,7,51,1,12
scrambling,bit,linked,Done,4251,6208,4,1,1585,2,87
scrambling,byte,array,Done,4251,7100,0,1,96,1,12
scrambling,bit,array,Done,4251,6144,4,1,1814,3,83
scrambling,byte,hashed,Done,4301,7188,2,0,275,1,12
scrambling,bit,hashed,Done,4301,6368,9,2,6266,4,86
scrambling,byte,linked,Done,4301,7200,3,22,69,0,12
scrambling,bit,linked,Done,4301,6208,6,1,1574,2,89
scrambling,byte,array,Done,4301,7204,1,0,85,1,11
scrambling,bit,array,Done,4301,6468,3,0,2001,3,88
scrambling,byte,hashed,Done,4351,7196,2,0,273,1,12
scrambling,bit,hashed,Done,4351,6600,10,2,6975,5,90
scrambling,byte,linked,Done,4351,7204,1,0,75,0,12
scrambling,bit,linked,Done,4351,6568,4,24,1823,1,92
scrambling,byte,array,Done,4351,7204,1,1,99,0,12
scrambling,bit,array,Done,4351,6304,3,0,1930,58,99
scrambling,byte,hashed,Done,4401,7300,1,30,278,1,12
scrambling,bit,hashed,Done,4401,6600,10,1,6648,4,89
scrambling,byte,linked,Done,4401,7300,2,0,59,0,12
scrambling,bit,linked,Done,4401,6404,4,2,1689,2,97
scrambling,byte,array,Done,4401,7300,3,22,96,1,11
scrambling,bit,array,Done,4401,6468,3,0,1978,3,88
scrambling,byte,hashed,Done,4451,7400,1,1,272,0,12
scrambling,bit,hashed,Done,4451,6468,10,1,6427,4,87
scrambling,byte,linked,Done,4451,7400,0,1,60,0,13
scrambling,bit,linked,Done,4451,6468,4,2,1932,2,86
scrambling,byte,array,Done,4451,7400,1,1,117,1,15
scrambling,bit,array,Done,4451,6468,10,1,2009,3,90
scrambling,byte,hashed,Done,4501,7500,7,0,312,1,11
scrambling,bit,hashed,Done,4501,6500,13,1,6738,5,92
scrambling,byte,linked,Done,4501,7496,1,26,57,1,12
scrambling,bit,linked,Done,4501,6796,4,1,1874,1,94
scrambling,byte,array,Done,4501,7496,0,28,88,1,12
scrambling,bit,array,Done,4501,6500,10,0,2015,3,89
scrambling,byte,hashed,Done,4551,7500,1,11,283,1,14
scrambling,bit,hashed,Done,4551,6568,10,1,6780,5,89
scrambling,byte,linked,Done,4551,7500,3,1,54,1,12
scrambling,bit,linked,Done,4551,6600,4,1,1795,2,115
scrambling,byte,array,Done,4551,7500,1,1,110,1,12
scrambling,bit,array,Done,4551,6600,3,1,2119,3,94
scrambling,byte,hashed,Done,4601,7600,2,24,289,1,13
scrambling,bit,hashed,Done,4601,6732,16,1,7218,5,90
scrambling,byte,linked,Done,4601,7600,3,1,71,0,13
scrambling,bit,linked,Done,4601,6732,4,1,1854,3,97
scrambling,byte,array,Done,4601,7600,1,0,100,1,12
scrambling,bit,array,Done,4601,6636,4,0,2069,3,93
scrambling,byte,hashed,Done,4651,7680,1,1,305,0,13
scrambling,bit,hashed,Done,4651,6800,14,2,7053,5,93
scrambling,byte,linked,Done,4651,7700,1,0,63,1,13
scrambling,bit,linked,Done,4651,6700,4,1,1786,2,92
scrambling,byte,array,Done,4651,7704,1,24,122,0,13
scrambling,bit,array,Done,4651,6700,8,1,2235,4,92
scrambling,byte,hashed,Done,4701,7800,2,35,348,1,12
scrambling,bit,hashed,Done,4701,6936,10,1,7269,5,95
scrambling,byte,linked,Done,4701,7804,8,0,66,0,13
scrambling,bit,linked,Done,4701,6868,4,1,1870,2,96
scrambling,byte,array,Done,4701,7804,1,1,119,1,12
scrambling,bit,array,Done,4701,6868,3,1,2215,4,92
scrambling,byte,hashed,Done,4751,7800,1,1,299,1,13
scrambling,bit,hashed,Done,4751,6900,10,1,7362,5,93
scrambling,byte,linked,Done,4751,7788,1,35,61,1,12
scrambling,bit,linked,Done,4751,6936,4,1,1846,2,95
scrambling,byte,array,Done,4751,7800,0,1,102,1,13
scrambling,bit,array,Done,4751,6836,3,1,2199,3,97
scrambling,byte,hashed,Done,4801,7896,2,1,317,1,13
scrambling,bit,hashed,Done,4801,6936,11,1,7334,4,93
scrambling,byte,linked,Done,4801,7872,9,1,60,1,12
scrambling,bit,linked,Done,4801,7004,18,2,1949,2,96
scrambling,byte,array,Done,4801,7904,4,1,126,1,13
scrambling,bit,array,Done,4801,7176,3,1,2348,47,103
scrambling,byte,hashed,Done,4851,8008,7,2,357,1,13
scrambling,bit,hashed,Done,4851,7072,10,2,7326,5,95
scrambling,byte,linked,Done,4851,8008,1,29,63,1,12
scrambling,bit,linked,Done,4851,7004,19,1,1892,2,100
scrambling,byte,array,Done,4851,8008,1,0,110,1,13
scrambling,bit,array,Done,4851,7004,3,1,2284,3,96
scrambling,byte,hashed,Done,4901,8112,1,1,324,1,13
scrambling,bit,hashed,Done,4901,7072,12,1,7583,10,115
scrambling,byte,linked,Done,4901,8112,1,0,70,0,13
scrambling,bit,linked,Done,4901,7140,4,3,2022,1,104
scrambling,byte,array,Done,4901,8108,0,1,104,1,14
scrambling,bit,array,Done,4901,7072,4,0,2332,65,97
scrambling,byte,hashed,Done,4951,8100,1,1,318,1,14
scrambling,bit,hashed,Done,4951,7140,22,1,7466,5,96
scrambling,byte,linked,Done,4951,8112,1,27,66,0,13
scrambling,bit,linked,Done,4951,7316,5,2,2045,2,99
scrambling,byte,array,Done,4951,8100,1,34,113,1,13
scrambling,bit,array,Done,4951,7384,4,1,2482,3,101
scrambling,byte,hashed,Done,5001,8216,6,2,321,1,13
scrambling,bit,hashed,Done,5001,7212,13,2,7632,5,96
scrambling,byte,linked,Done,5001,8216,1,0,65,0,14
scrambling,bit,linked,Done,5001,7456,4,15,2112,1,110
scrambling,byte,array,Done,5001,8216,1,34,139,1,13
scrambling,bit,array,Done,5001,7352,4,0,2464,4,99
scrambling,byte,hashed,Done,5051,8320,5,0,349,1,14
scrambling,bit,hashed,Done,5051,7280,11,1,7879,5,102
scrambling,byte,linked,Done,5051,8312,1,33,82,1,13
scrambling,bit,linked,Done,5051,7420,4,3,2099,1,102
scrambling,byte,array,Done,5051,8316,0,39,120,1,13
scrambling,bit,array,Done,5051,7280,3,1,2425,4,98
scrambling,byte,hashed,Done,5101,8300,2,1,366,1,13
scrambling,bit,hashed,Done,5101,7456,22,2,8078,6,99
scrambling,byte,linked,Done,5101,8316,1,0,68,1,13
scrambling,bit,linked,Done,5101,7596,6,31,2233,2,104
scrambling,byte,array,Done,5101,8312,4,31,147,1,14
scrambling,bit,array,Done,5101,7492,4,1,2569,3,101
scrambling,byte,hashed,Done,5151,8424,1,1,360,1,12
scrambling,bit,hashed,Done,5151,7704,11,6,8630,5,105
scrambling,byte,linked,Done,5151,8428,1,1,76,1,13
scrambling,bit,linked,Done,5151,7420,11,2,2234,2,103
scrambling,byte,array,Done,5151,8424,1,0,116,1,14
scrambling,bit,array,Done,5151,7420,4,0,2555,4,100
scrambling,byte,hashed,Done,5201,8528,2,0,348,1,13
scrambling,bit,hashed,Done,5201,7456,13,1,8144,5,100
scrambling,byte,linked,Done,5201,8532,2,1,72,1,13
scrambling,bit,linked,Done,5201,7564,5,1,2185,58,120
scrambling,byte,array,Done,5201,8536,1,33,125,1,14
scrambling,bit,array,Done,5201,7492,5,18,2601,57,142
scrambling,byte,hashed,Done,5251,8536,3,1,362,1,13
scrambling,bit,hashed,Done,5251,7564,19,2,8506,47,105
scrambling,byte,linked,Done,5251,8532,1,0,84,0,14
scrambling,bit,linked,Done,5251,7564,6,1,2149,60,120
scrambling,byte,array,Done,5251,8524,1,1,112,1,14
scrambling,bit,array,Done,5251,7560,4,0,2645,13,102
scrambling,byte,hashed,Done,5301,8640,3,1,394,1,13
scrambling,bit,hashed,Done,5301,7632,12,1,8649,5,106
scrambling,byte,linked,Done,5301,8640,1,0,78,1,14
scrambling,bit,linked,Done,5301,7668,5,27,2263,2,110
scrambling,byte,array,Done,5301,8632,1,0,112,1,14
scrambling,bit,array,Done,5301,7992,5,1,2844,4,109
scrambling,byte,hashed,Done,5351,8736,3,2,381,1,14
scrambling,bit,hashed,Done,5351,7776,23,5,8833,5,103
scrambling,byte,linked,Done,5351,8744,3,3,70,1,13
scrambling,bit,linked,Done,5351,7668,5,1,2264,2,102
scrambling,byte,array,Done,5351,8748,0,1,113,1,14
scrambling,bit,array,Done,5351,7668,3,1,2658,3,103
scrambling,byte,hashed,Done,5401,8736,2,0,375,1,12
scrambling,bit,hashed,Done,5401,7920,12,1,9690,6,107
scrambling,byte,linked,Done,5401,8748,2,0,93,1,14
scrambling,bit,linked,Done,5401,7740,4,2,2317,2,104
scrambling,byte,array,Done,5401,8748,1,1,117,1,15
scrambling,bit,array,Done,5401,7740,4,0,2723,3,106
scrambling,byte,hashed,Done,5451,8856,2,29,376,1,13
scrambling,bit,hashed,Done,5451,7992,12,3,9617,6,110
scrambling,byte,linked,Done,5451,8856,2,24,113,0,15
scrambling,bit,linked,Done,5451,7884,6,3,2567,1,107
scrambling,byte,array,Done,5451,8856,1,0,138,0,19
scrambling,bit,array,Done,5451,7812,5,1,2775,3,104
scrambling,byte,hashed,Done,5501,8968,1,0,391,1,13
scrambling,bit,hashed,Done,5501,8140,27,2,9773,6,111
scrambling,byte,linked,Done,5501,8960,1,0,75,1,13
scrambling,bit,linked,Done,5501,8328,4,2,2668,2,117
scrambling,byte,array,Done,5501,8964,2,27,119,1,14
scrambling,bit,array,Done,5501,7996,4,1,2872,3,107
scrambling,byte,hashed,Done,5551,9076,3,1,424,1,14
scrambling,bit,hashed,Done,5551,7996,12,1,9327,6,109
scrambling,byte,linked,Done,5551,9076,1,24,80,0,15
scrambling,bit,linked,Done,5551,7956,21,6,2428,2,112
scrambling,byte,array,Done,5551,9072,1,1,132,1,15
scrambling,bit,array,Done,5551,8068,4,0,2911,4,114
scrambling,byte,hashed,Done,5601,9076,3,2,405,1,14
scrambling,bit,hashed,Done,5601,8140,27,3,9792,6,111
scrambling,byte,linked,Done,5601,9072,1,27,76,1,15
scrambling,bit,linked,Done,5601,8216,5,23,2718,2,115
scrambling,byte,array,Done,5601,9076,2,0,145,1,15
scrambling,bit,array,Done,5601,8288,4,1,3028,4,117
scrambling,byte,hashed,Done,5651,9188,2,1,392,1,14
scrambling,bit,hashed,Done,5651,8140,13,9,10194,10,114
scrambling,byte,linked,Done,5651,9184,2,1,91,0,16
scrambling,bit,linked,Done,5651,8176,4,3,2624,2,113
scrambling,byte,array,Done,5651,9184,1,0,127,1,16
scrambling,bit,array,Done,5651,8328,18,2,3227,4,119
scrambling,byte,hashed,Done,5701,9296,5,1,406,1,15
scrambling,bit,hashed,Done,5701,8288,13,3,10538,6,113
scrambling,byte,linked,Done,5701,9296,3,15,83,0,15
scrambling,bit,linked,Done,5701,8216,5,3,2572,2,112
scrambling,byte,array,Done,5701,9288,1,0,137,1,14
scrambling,bit,array,Done,5701,8288,4,1,3067,4,113
scrambling,byte,hashed,Done,5751,9296,7,27,413,1,14
scrambling,bit,hashed,Done,5751,8328,13,4,10039,6,113
scrambling,byte,linked,Done,5751,9288,0,1,78,1,15
scrambling,bit,linked,Done,5751,8288,5,0,2637,1,115
scrambling,byte,array,Done,5751,9296,1,0,121,1,15
scrambling,bit,array,Done,5751,8288,4,1,3078,4,119
scrambling,byte,hashed,Done,5801,9408,2,2,425,1,14
scrambling,bit,hashed,Done,5801,8288,18,3,9994,6,113
scrambling,byte,linked,Done,5801,9408,1,1,115,0,14
scrambling,bit,linked,Done,5801,8288,11,2,2615,2,115
scrambling,byte,array,Done,5801,9408,1,22,146,1,13
scrambling,bit,array,Done,5801,8440,4,0,3140,68,140
scrambling,byte,hashed,Done,5851,9396,1,1,411,1,14
scrambling,bit,hashed,Done,5851,8364,16,3,10377,6,113
scrambling,byte,linked,Done,5851,9404,1,1,84,0,15
scrambling,bit,linked,Done,5851,8440,26,18,2696,2,128
scrambling,byte,array,Done,5851,9396,1,0,137,1,15
scrambling,bit,array,Done,5851,8364,4,1,3121,4,115
scrambling,byte,hashed,Done,5901,9520,1,1,418,1,15
scrambling,bit,hashed,Done,5901,8440,18,2,10085,7,115
scrambling,byte,linked,Done,5901,9520,4,24,91,1,14
scrambling,bit,linked,Done,5901,8436,8,3,2899,1,116
scrambling,byte,array,Done,5901,9520,1,0,148,0,17
scrambling,bit,array,Done,5901,8588,4,1,3351,4,117
scrambling,byte,hashed,Done,5951,9624,3,2,425,1,15
scrambling,bit,hashed,Done,5951,8552,16,4,11077,7,119
scrambling,byte,linked,Done,5951,9628,4,2,117,1,16
scrambling,bit,linked,Done,5951,8512,8,2,2785,2,117
scrambling,byte,array,Done,5951,9636,2,21,137,1,15
scrambling,bit,array,Done,5951,8588,21,2,3358,4,119
scrambling,byte,hashed,Done,6001,9632,2,32,455,1,16
scrambling,bit,hashed,Done,6001,8588,23,3,11370,8,120
scrambling,byte,linked,Done,6001,9632,3,2,104,1,15
scrambling,bit,linked,Done,6001,8780,5,3,3094,2,124
scrambling,byte,array,Done,6001,9636,1,0,140,1,15
scrambling,bit,array,Done,6001,8664,4,0,3449,6,131
scrambling,byte,hashed,Done,6051,9744,2,32,436,1,16
scrambling,bit,hashed,Done,6051,8740,15,4,11706,8,121
scrambling,byte,linked,Done,6051,9748,1,29,105,0,18
scrambling,bit,linked,Done,6051,8740,6,3,3217,2,121
scrambling,byte,array,Done,6051,9732,1,0,146,1,16
scrambling,bit,array,Done,6051,8740,4,18,3562,5,127
scrambling,byte,hashed,Done,6101,9856,2,0,435,1,15
scrambling,bit,hashed,Done,6101,8896,15,4,11613,6,121
scrambling,byte,linked,Done,6101,9856,10,17,102,0,17
scrambling,bit,linked,Done,6101,8932,8,1,3100,2,124
scrambling,byte,array,Done,6101,9864,5,1,159,1,16
scrambling,bit,array,Done,6101,8700,4,1,3367,4,121
scrambling,byte,hashed,Done,6151,9860,7,3,461,1,15
scrambling,bit,hashed,Done,6151,8816,16,2,11541,7,124
scrambling,byte,linked,Done,6151,9852,2,24,119,0,15
scrambling,bit,linked,Done,6151,8780,14,3,2997,2,125
scrambling,byte,array,Done,6151,9860,1,0,158,1,16
scrambling,bit,array,Done,6151,8968,5,1,3597,5,126
scrambling,byte,hashed,Done,6201,9960,3,0,446,1,15
scrambling,bit,hashed,Done,6201,8932,23,3,11916,7,119
scrambling,byte,linked,Done,6201,9960,1,25,94,0,16
scrambling,bit,linked,Done,6201,9048,6,13,3138,2,129
scrambling,byte,array,Done,6201,9960,1,32,154,1,16
scrambling,bit,array,Done,6201,8932,4,1,3432,4,123
scrambling,byte,hashed,Done,6251,10080,1,1,447,1,15
scrambling,bit,hashed,Done,6251,8932,17,1,11234,7,119
scrambling,byte,linked,Done,6251,10080,1,34,132,1,15
scrambling,bit,linked,Done,6251,8932,6,3,3463,2,124
scrambling,byte,array,Done,6251,10092,2,1,153,1,16
scrambling,bit,array,Done,6251,8932,5,0,3452,4,122
scrambling,byte,hashed,Done,6301,10092,8,3,476,1,16
scrambling,bit,hashed,Done,6301,9012,18,1,11802,45,127
scrambling,byte,linked,Done,6301,10092,1,0,93,0,16
scrambling,bit,linked,Done,6301,9128,5,3,3200,2,127
scrambling,byte,array,Done,6301,10092,4,1,146,1,15
scrambling,bit,array,Done,6301,9012,4,1,3509,4,123
scrambling,byte,hashed,Done,6351,10208,2,0,468,2,17
scrambling,bit,hashed,Done,6351,9048,17,2,11565,6,124
scrambling,byte,linked,Done,6351,10208,2,31,91,1,16
scrambling,bit,linked,Done,6351,9128,5,2,3116,2,130
scrambling,byte,array,Done,6351,10208,1,0,159,1,15
scrambling,bit,array,Done,6351,9204,7,1,3668,4,124
scrambling,byte,hashed,Done,6401,10316,2,33,477,1,17
scrambling,bit,hashed,Done,6401,9128,17,1,12405,7,122
scrambling,byte,linked,Done,6401,10328,1,34,96,1,17
scrambling,bit,linked,Done,6401,9364,29,8,3363,2,126
scrambling,byte,array,Done,6401,10328,1,1,148,1,17
scrambling,bit,array,Done,6401,9320,4,1,3721,4,130
scrambling,byte,hashed,Done,6451,10324,2,1,468,1,15
scrambling,bit,hashed,Done,6451,9204,16,2,12355,7,124
scrambling,byte,linked,Done,6451,10316,1,0,93,1,17
scrambling,bit,linked,Done,6451,9204,6,3,3324,2,126
scrambling,byte,array,Done,6451,10328,1,1,166,1,16
scrambling,bit,array,Done,6451,9204,8,1,3688,4,127
scrambling,byte,hashed,Done,6501,10440,2,33,468,1,15
scrambling,bit,hashed,Done,6501,9364,16,2,12313,6,127
scrambling,byte,linked,Done,6501,10444,0,1,97,0,16
scrambling,bit,linked,Done,6501,9440,6,3,3367,2,128
scrambling,byte,array,Done,6501,10444,14,0,151,1,16
scrambling,bit,array,Done,6501,9364,4,1,3729,4,132
scrambling,byte,hashed,Done,6551,10444,1,26,488,1,16
scrambling,bit,hashed,Done,6551,9480,18,2,12977,7,128
scrambling,byte,linked,Done,6551,10440,0,23,116,0,16
scrambling,bit,linked,Done,6551,9560,26,3,3466,2,132
scrambling,byte,array,Done,6551,10416,1,32,151,1,17
scrambling,bit,array,Done,6551,9400,4,15,3796,5,136
scrambling,byte,hashed,Done,6601,10560,3,1,495,1,15
scrambling,bit,hashed,Done,6601,9400,32,3,12933,7,127
scrambling,byte,linked,Done,6601,10560,4,3,110,0,17
scrambling,bit,linked,Done,6601,9480,7,2,3526,3,132
scrambling,byte,array,Done,6601,10564,1,1,162,0,17
scrambling,bit,array,Done,6601,9480,5,0,3850,5,131
scrambling,byte,hashed,Done,6651,10680,4,1,521,1,17
scrambling,bit,hashed,Done,6651,9520,18,2,12947,7,131
scrambling,byte,linked,Done,6651,10664,1,1,109,1,16
scrambling,bit,linked,Done,6651,9520,10,3,3448,2,130
scrambling,byte,array,Done,6651,10680,2,0,181,1,15
scrambling,bit,array,Done,6651,9520,10,1,3952,5,132
scrambling,byte,hashed,Done,6701,10672,2,1,513,1,16
scrambling,bit,hashed,Done,6701,9640,30,2,13532,8,140
scrambling,byte,linked,Done,6701,10680,2,1,126,1,17
scrambling,bit,linked,Done,6701,9600,6,3,3474,2,131
scrambling,byte,array,Done,6701,10680,1,23,189,1,18
scrambling,bit,array,Done,6701,9560,5,1,3987,5,130
scrambling,byte,hashed,Done,6751,10768,6,1,525,1,17
scrambling,bit,hashed,Done,6751,9720,18,2,13719,8,137
scrambling,byte,linked,Done,6751,10800,1,1,122,0,16
scrambling,bit,linked,Done,6751,9600,6,23,3581,65,169
scrambling,byte,array,Done,6751,10800,3,2,170,1,17
scrambling,bit,array,Done,6751,9800,7,30,4240,5,135
scrambling,byte,hashed,Done,6801,10800,39,3,535,1,16
scrambling,bit,hashed,Done,6801,9680,17,2,14186,7,129
scrambling,byte,linked,Done,6801,10780,4,21,117,1,18
scrambling,bit,linked,Done,6801,9844,6,2,3830,2,137
scrambling,byte,array,Done,6801,10796,4,29,164,0,18
scrambling,bit,array,Done,6801,10004,25,3,4228,5,135
scrambling,byte,hashed,Done,6851,10920,3,21,514,1,16
scrambling,bit,hashed,Done,6851,9844,19,2,13783,9,135
scrambling,byte,linked,Done,6851,10912,4,2,117,0,18
scrambling,bit,linked,Done,6851,9844,26,10,3641,2,131
scrambling,byte,array,Done,6851,10920,2,1,168,1,17
scrambling,bit,array,Done,6851,10004,5,0,4310,5,136
scrambling,byte,hashed,Done,6901,11044,3,1,528,1,16
scrambling,bit,hashed,Done,6901,10004,41,3,14109,8,134
scrambling,byte,linked,Done,6901,11044,1,10,105,1,17
scrambling,bit,linked,Done,6901,9796,6,1,3517,2,135
scrambling,byte,array,Done,6901,11040,1,1,173,1,17
scrambling,bit,array,Done,6901,9924,6,0,4206,5,135
scrambling,byte,hashed,Done,6951,11020,6,26,533,1,16
scrambling,bit,hashed,Done,6951,9924,18,2,14600,7,132
scrambling,byte,linked,Done,6951,11036,1,24,121,0,18
scrambling,bit,linked,Done,6951,9964,16,2,3865,3,140
scrambling,byte,array,Done,6951,11040,1,1,174,1,26
scrambling,bit,array,Done,6951,10004,5,0,4246,5,140
scrambling,byte,hashed,Done,7001,11160,8,16,543,1,16
scrambling,bit,hashed,Done,7001,9964,19,1,14031,8,136
scrambling,byte,linked,Done,7001,11160,2,2,127,1,17
scrambling,bit,linked,Done,7001,10004,11,26,3828,3,139
scrambling,byte,array,Done,7001,11156,4,2,194,1,17
scrambling,bit,array,Done,7001,10128,5,1,4351,5,139
scrambling,byte,hashed,Done,7051,11164,6,12,550,1,16
scrambling,bit,hashed,Done,7051,10044,23,2,13936,7,135
scrambling,byte,linked,Done,7051,11160,1,33,132,0,18
scrambling,bit,linked,Done,7051,10168,6,4,3937,2,138
scrambling,byte,array,Done,7051,11160,1,0,185,1,18
scrambling,bit,array,Done,7051,10168,6,0,4436,5,143
scrambling,byte,hashed,Done,7101,11276,3,1,532,1,17
scrambling,bit,hashed,Done,7101,10168,23,2,14912,8,138
scrambling,byte,linked,Done,7101,11288,0,1,114,0,18
scrambling,bit,linked,Done,7101,10088,30,4,3864,2,138
scrambling,byte,array,Done,7101,11288,5,1,181,1,16
scrambling,bit,array,Done,7101,10212,13,1,4649,5,140
scrambling,byte,hashed,Done,7151,11384,6,1,539,1,16
scrambling,bit,hashed,Done,7151,10292,27,3,14620,7,142
scrambling,byte,linked,Done,7151,11400,4,19,155,0,19
scrambling,bit,linked,Done,7151,10212,7,3,4114,2,145
scrambling,byte,array,Done,7151,11408,0,1,170,1,18
scrambling,bit,array,Done,7151,10168,9,27,4421,5,139
scrambling,byte,hashed,Done,7201,11408,4,1,600,1,17
scrambling,bit,hashed,Done,7201,10252,26,2,15210,7,143
scrambling,byte,linked,Done,7201,11408,2,33,126,1,18
scrambling,bit,linked,Done,7201,10332,32,9,4060,3,145
scrambling,byte,array,Done,7201,11408,0,1,178,1,17
scrambling,bit,array,Done,7201,10336,5,1,4462,5,141
scrambling,byte,hashed,Done,7251,11528,1,1,560,46,21
scrambling,bit,hashed,Done,7251,10292,36,2,16086,9,139
scrambling,byte,linked,Done,7251,11528,2,0,118,1,18
scrambling,bit,linked,Done,7251,10336,6,2,3963,2,144
scrambling,byte,array,Done,7251,11532,2,0,181,1,18
scrambling,bit,array,Done,7251,10332,5,1,4408,5,140
scrambling,byte,hashed,Done,7301,11532,3,14,572,53,53
scrambling,bit,hashed,Done,7301,10376,20,3,16865,8,142
scrambling,byte,linked,Done,7301,11532,4,24,163,0,19
scrambling,bit,linked,Done,7301,10500,7,3,4289,68,160
scrambling,byte,array,Done,7301,11532,1,42,209,1,18
scrambling,bit,array,Done,7301,10416,8,1,4576,56,145
scrambling,byte,hashed,Done,7351,11656,9,3,583,1,16
scrambling,bit,hashed,Done,7351,10712,20,5,18967,10,145
scrambling,byte,linked,Done,7351,11656,1,1,115,1,18
scrambling,bit,linked,Done,7351,10584,7,4,4229,2,147
scrambling,byte,array,Done,7351,11656,5,1,227,1,19
scrambling,bit,array,Done,7351,10668,5,0,4724,44,144
scrambling,byte,hashed,Done,7401,11772,2,1,621,1,19
scrambling,bit,hashed,Done,7401,10500,20,2,16525,9,144
scrambling,byte,linked,Done,7401,11784,1,17,123,1,18
scrambling,bit,linked,Done,7401,10500,6,2,4181,3,145
scrambling,byte,array,Done,7401,11780,2,0,182,1,19
scrambling,bit,array,Done,7401,10668,8,1,4715,5,146
scrambling,byte,hashed,Done,7451,11772,3,23,572,1,18
scrambling,bit,hashed,Done,7451,10668,20,2,17328,15,152
scrambling,byte,linked,Done,7451,11780,2,1,133,1,18
scrambling,bit,linked,Done,7451,10668,12,5,4437,2,148
scrambling,byte,array,Done,7451,11776,14,0,181,1,20
scrambling,bit,array,Done,7451,10880,7,1,4953,56,186
scrambling,byte,hashed,Done,7501,11900,2,0,583,1,18
scrambling,bit,hashed,Done,7501,10668,26,4,18947,10,144
scrambling,byte,linked,Done,7501,11908,1,0,133,0,18
scrambling,bit,linked,Done,7501,10796,15,2,4474,50,203
scrambling,byte,array,Done,7501,11880,1,0,177,1,18
scrambling,bit,array,Done,7501,10880,6,17,4843,43,153
scrambling,byte,hashed,Done,7551,11908,4,2,617,2,18
scrambling,bit,hashed,Done,7551,10712,21,5,19332,9,146
scrambling,byte,linked,Done,7551,11892,1,35,131,0,19
scrambling,bit,linked,Done,7551,10836,7,24,4451,3,151
scrambling,byte,array,Done,7551,11908,1,33,217,1,19
scrambling,bit,array,Done,7551,10880,10,1,4907,5,153
scrambling,byte,hashed,Done,7601,12036,9,18,604,1,17
scrambling,bit,hashed,Done,7601,10796,20,4,18051,9,146
scrambling,byte,linked,Done,7601,12032,1,1,124,0,19
scrambling,bit,linked,Done,7601,10796,16,3,4511,2,150
scrambling,byte,array,Done,7601,12028,1,1,191,1,19
scrambling,bit,array,Done,7601,10796,5,1,4815,5,145
scrambling,byte,hashed,Done,7651,12028,4,1,618,1,18
scrambling,bit,hashed,Done,7651,10880,24,4,19108,10,146
scrambling,byte,linked,Done,7651,12028,4,2,163,1,18
scrambling,bit,linked,Done,7651,10836,19,2,4491,2,166
scrambling,byte,array,Done,7651,12024,1,25,200,1,18
scrambling,bit,array,Done,7651,10836,6,0,4818,54,157
scrambling,byte,hashed,Done,7701,12160,29,0,597,1,18
scrambling,bit,hashed,Done,7701,11052,47,4,20029,11,149
scrambling,byte,linked,Done,7701,12152,1,40,128,0,19
scrambling,bit,linked,Done,7701,10968,7,3,4488,50,155
scrambling,byte,array,Done,7701,12160,1,1,195,1,19
scrambling,bit,array,Done,7701,10920,5,1,4900,5,151
scrambling,byte,hashed,Done,7751,12288,2,24,642,1,17
scrambling,bit,hashed,Done,7751,11008,24,5,21072,11,151
scrambling,byte,linked,Done,7751,12284,1,1,129,1,18
scrambling,bit,linked,Done,7751,11008,16,6,4450,41,152
scrambling,byte,array,Done,7751,12288,2,1,191,1,20
scrambling,bit,array,Done,7751,11052,7,1,4996,5,152
scrambling,byte,hashed,Done,7801,12284,3,1,616,1,20
scrambling,bit,hashed,Done,7801,11052,23,5,21226,13,150
scrambling,byte,linked,Done,7801,12288,2,33,143,1,18
scrambling,bit,linked,Done,7801,11096,8,2,4481,2,150
scrambling,byte,array,Done,7801,12288,37,12,193,1,20
scrambling,bit,array,Done,7801,11096,8,26,5046,5,151
scrambling,byte,hashed,Done,7851,12416,9,16,618,1,18
scrambling,bit,hashed,Done,7851,11180,23,3,20038,9,151
scrambling,byte,linked,Done,7851,12376,4,3,138,1,19
scrambling,bit,linked,Done,7851,11356,10,4,4754,2,153
scrambling,byte,array,Done,7851,12416,0,1,199,0,18
scrambling,bit,array,Done,7851,11180,6,1,5238,46,158
scrambling,byte,hashed,Done,7901,12416,3,1,714,1,19
scrambling,bit,hashed,Done,7901,11484,28,6,23719,14,156
scrambling,byte,linked,Done,7901,12416,1,1,132,0,20
scrambling,bit,linked,Done,7901,11180,7,2,4787,58,173
scrambling,byte,array,Done,7901,12416,1,0,195,1,19
scrambling,bit,array,Done,7901,11180,6,0,5248,47,157
scrambling,byte,hashed,Done,7951,12524,8,20,667,1,20
scrambling,bit,hashed,Done,7951,11268,27,5,23860,11,153
scrambling,byte,linked,Done,7951,12544,1,25,144,1,20
scrambling,bit,linked,Done,7951,11268,8,3,4627,58,167
scrambling,byte,array,Done,7951,12540,1,27,215,2,21
scrambling,bit,array,Done,7951,11356,5,1,5274,5,154
scrambling,byte,hashed,Done,8001,12524,14,14,632,1,18
scrambling,bit,hashed,Done,8001,11352,22,3,21500,10,154
scrambling,byte,linked,Done,8001,12548,4,33,169,0,22
scrambling,bit,linked,Done,8001,11396,7,1,4864,41,160
scrambling,byte,array,Done,8001,12548,3,37,205,1,21
scrambling,bit,array,Done,8001,11352,11,1,5295,5,155
scrambling,byte,hashed,Done,8051,12676,2,1,634,1,18
scrambling,bit,hashed,Done,8051,11528,23,5,24415,19,161
scrambling,byte,linked,Done,8051,12668,1,32,142,1,19
scrambling,bit,linked,Done,8051,11440,12,33,4874,2,156
scrambling,byte,array,Done,8051,12676,5,2,221,1,20
scrambling,bit,array,Done,8051,11572,14,1,5469,6,156
scrambling,byte,hashed,Done,8101,12808,3,30,654,1,18
scrambling,bit,hashed,Done,8101,11572,29,9,24672,12,157
scrambling,byte,linked,Done,8101,12804,15,1,140,1,19
scrambling,bit,linked,Done,8101,11484,7,4,4950,3,164
scrambling,byte,array,Done,8101,12804,1,1,219,1,19
scrambling,bit,array,Done,8101,11484,5,1,5390,6,156
scrambling,byte,hashed,Done,8151,12796,4,31,672,1,18
scrambling,bit,hashed,Done,8151,11572,24,10,24581,14,157
scrambling,byte,linked,Done,8151,12804,3,3,146,0,20
scrambling,bit,linked,Done,8151,11528,8,2,4976,3,157
scrambling,byte,array,Done,8151,12804,2,0,233,1,22
scrambling,bit,array,Done,8151,11704,7,1,5592,5,159
scrambling,byte,hashed,Done,8201,12928,10,16,668,1,19
scrambling,bit,hashed,Done,8201,11660,33,6,25530,12,157
scrambling,byte,linked,Done,8201,12928,1,0,151,1,20
scrambling,bit,linked,Done,8201,11704,15,5,5276,3,162
scrambling,byte,array,Done,8201,12936,0,22,212,1,20
scrambling,bit,array,Done,8201,11792,6,1,5714,6,159
scrambling,byte,hashed,Done,8251,12936,2,24,712,1,20
scrambling,bit,hashed,Done,8251,11660,25,4,25310,12,157
scrambling,byte,linked,Done,8251,12936,1,28,150,0,20
scrambling,bit,linked,Done,8251,11748,8,1,5132,2,162
scrambling,byte,array,Done,8251,12936,2,27,218,1,18
scrambling,bit,array,Done,8251,11660,8,1,5583,5,156
scrambling,byte,hashed,Done,8301,13068,2,0,674,1,19
scrambling,bit,hashed,Done,8301,12016,36,5,26460,12,162
scrambling,byte,linked,Done,8301,13064,1,1,150,1,20
scrambling,bit,linked,Done,8301,11884,7,4,5365,3,162
scrambling,byte,array,Done,8301,13064,1,31,223,1,20
scrambling,bit,array,Done,8301,11924,10,1,5731,5,167
scrambling,byte,hashed,Done,8351,13068,2,1,749,2,19
